dataset_file,source,original_title,license,artist,page_url,notes
brightiris_commons_030608_Pupil_p100.jpg,Wikimedia Commons,File:030608 Pupil.jpg,Public domain,"<a href=""//commons.wikimedia.org/wiki/User:Ylem"" title=""User:Ylem"">Ylem</a>",https://commons.wikimedia.org/wiki/File:030608_Pupil.jpg,
brightiris_commons_100_3098-003_-_Flickr_-_Stiller_Beobachter_p100.jpg,Wikimedia Commons,File:100 3098-003 - Flickr - Stiller Beobachter.jpg,CC BY 2.0,"<a rel=""nofollow"" class=""external text"" href=""https://www.flickr.com/people/56091199@N03"">Stiller Beobachter</a> from Ansbach, Germany",https://commons.wikimedia.org/wiki/File:100_3098-003_-_Flickr_-_Stiller_Beobachter.jpg,
brightiris_commons_320_365_Observando..._6351189737_p100.jpg,Wikimedia Commons,File:320 365 Observando... (6351189737).jpg,CC BY-SA 2.0,"<a rel=""nofollow"" class=""external text"" href=""https://www.flickr.com/people/49703021@N00"">Andrés Nieto Porras</a> from Palma de Mallorca, España",https://commons.wikimedia.org/wiki/File:320_365_Observando..._(6351189737).jpg,
brightiris_commons_7842_test_iniziali_04_p99.jpg,Wikimedia Commons,File:7842 test iniziali 04.jpg,CC BY-SA 3.0,"<a href=""//commons.wikimedia.org/w/index.php?title=User:Ocioxocio&amp;action=edit&amp;redlink=1"" class=""new"" title=""User:Ocioxocio (page does not exist)"">Gianfranco Passuello</a>",https://commons.wikimedia.org/wiki/File:7842_test_iniziali_04.jpg,
brightiris_commons_A_blue_eye_p97.jpg,Wikimedia Commons,File:A blue eye.jpg,CC BY-SA 3.0,"<a href=""https://en.wikipedia.org/wiki/User:8thstar"" class=""extiw"" title=""wikipedia:User:8thstar"">8thstar</a> at <a href=""https://en.wikipedia.org/wiki/"" class=""extiw"" title=""wikipedia:"">English Wikip",https://commons.wikimedia.org/wiki/File:A_blue_eye.jpg,
brightiris_commons_A_human_male_brown_eye_p52.jpg,Wikimedia Commons,File:A human male brown eye.jpg,CC0,"<a href=""//commons.wikimedia.org/w/index.php?title=User:Bobbyphotographer&amp;action=edit&amp;redlink=1"" class=""new"" title=""User:Bobbyphotographer (page does not exist)"">Bobbyphotographer</a>",https://commons.wikimedia.org/wiki/File:A_human_male_brown_eye.jpg,
brightiris_commons_Amber_Brown_Eye_p99.jpg,Wikimedia Commons,File:Amber Brown Eye.jpg,CC BY-SA 3.0,"<a href=""//commons.wikimedia.org/wiki/User:Manicjedi"" title=""User:Manicjedi"">Manicjedi</a>",https://commons.wikimedia.org/wiki/File:Amber_Brown_Eye.jpg,
brightiris_commons_Amber_Brown_Green_p75.jpg,Wikimedia Commons,File:Amber Brown Green.jpg,CC BY-SA 3.0,"<a href=""//commons.wikimedia.org/wiki/User:Manicjedi"" title=""User:Manicjedi"">Manicjedi</a>",https://commons.wikimedia.org/wiki/File:Amber_Brown_Green.jpg,
brightiris_commons_Amber_eye1_p52.jpg,Wikimedia Commons,File:Amber eye1.jpg,CC BY-SA 3.0,"<a href=""//commons.wikimedia.org/wiki/User:Lacobrigo"" title=""User:Lacobrigo"">Lacobrigo</a>",https://commons.wikimedia.org/wiki/File:Amber_eye1.jpg,2026-08-19 재조회로 출처 확정(기존 'see Commons'). Credit=Own work.
brightiris_commons_AmberEye_p100.jpg,Wikimedia Commons,File:AmberEye.jpg,CC0,Samb7293,https://commons.wikimedia.org/wiki/File:AmberEye.jpg,
brightiris_commons_Anangrygreygreeneye_p64.jpg,Wikimedia Commons,File:Anangrygreygreeneye.JPG,CC BY-SA 4.0,"<a href=""//commons.wikimedia.org/w/index.php?title=User:Wrenchrox&amp;action=edit&amp;redlink=1"" class=""new"" title=""User:Wrenchrox (page does not exist)"">Wrenchrox</a>",https://commons.wikimedia.org/wiki/File:Anangrygreygreeneye.JPG,
brightiris_commons_Anime_Eye_8336228624_p100.jpg,Wikimedia Commons,File:Anime Eye? (8336228624).jpg,CC BY 2.0,"<a rel=""nofollow"" class=""external text"" href=""https://www.flickr.com/people/69004005@N02"">d_pham</a> from Toronto, Canada",https://commons.wikimedia.org/wiki/File:Anime_Eye%3F_(8336228624).jpg,
brightiris_commons_Anthonys_Green_Brown_Iris_p100.jpg,Wikimedia Commons,File:Anthony's Green Brown Iris.jpg,CC BY-SA 3.0,"<a href=""//commons.wikimedia.org/wiki/User:Mobentec"" title=""User:Mobentec"">Mobentec</a>",https://commons.wikimedia.org/wiki/File:Anthony%27s_Green_Brown_Iris.jpg,
brightiris_commons_Auge_Böhringer_A_1_p75.jpg,Wikimedia Commons,File:Auge Böhringer A 1.JPG,CC BY-SA 3.0 at,"Feel free to use my photos, but please mention me as the author and if you want send me a  <a class=""external text"" data-mw-original-href=""http://commons.wikimedia.org/w/index.php?title=User_talk:Böhr",https://commons.wikimedia.org/wiki/File:Auge_B%C3%B6hringer_A_1.JPG,
brightiris_commons_Auge_Böhringer_A_2_p92.jpg,Wikimedia Commons,File:Auge Böhringer A 2.JPG,CC BY-SA 3.0 at,"Feel free to use my photos, but please mention me as the author and if you want send me a  <a class=""external text"" data-mw-original-href=""http://commons.wikimedia.org/w/index.php?title=User_talk:Böhr",https://commons.wikimedia.org/wiki/File:Auge_B%C3%B6hringer_A_2.JPG,
brightiris_commons_Auge_IMG_4057-2_p99.jpg,Wikimedia Commons,File:Auge IMG 4057-2.jpg,FAL,"<a href=""//commons.wikimedia.org/wiki/User:Chianti"" title=""User:Chianti"">Chianti</a><br>This file was derived from:  <a href=""//commons.wikimedia.org/wiki/File:Light_Blue_Eye_IMG_4057.JPG"" title=""File",https://commons.wikimedia.org/wiki/File:Auge_IMG_4057-2.jpg,
brightiris_commons_AugeMeiniges2_p75.jpg,Wikimedia Commons,File:AugeMeiniges2.jpg,CC BY-SA 3.0,"<a href=""https://de.wikipedia.org/wiki/User:Hutson"" class=""extiw"" title=""de:User:Hutson"">Hutson</a>",https://commons.wikimedia.org/wiki/File:AugeMeiniges2.jpg,
brightiris_commons_Bebe_trabajo_de_photopaint_p87.jpg,Wikimedia Commons,File:Bebe trabajo de photopaint.jpg,CC BY-SA 3.0,"<a href=""//commons.wikimedia.org/w/index.php?title=User:Danielvaz99&amp;action=edit&amp;redlink=1"" class=""new"" title=""User:Danielvaz99 (page does not exist)"">Danielvaz99</a>",https://commons.wikimedia.org/wiki/File:Bebe_trabajo_de_photopaint.jpg,
brightiris_commons_Bloodshot_EyeBall_p100.jpg,Wikimedia Commons,File:Bloodshot EyeBall.jpg,Public domain,"<a href=""//commons.wikimedia.org/wiki/User:Psychonaught"" title=""User:Psychonaught"">Psychonaught</a>",https://commons.wikimedia.org/wiki/File:Bloodshot_EyeBall.jpg,
brightiris_commons_Blue-green_eye_closeup_p87.jpg,Wikimedia Commons,File:Blue-green eye closeup.JPG,CC BY-SA 3.0,"<a href=""//commons.wikimedia.org/w/index.php?title=User:Larali21&amp;action=edit&amp;redlink=1"" class=""new"" title=""User:Larali21 (page does not exist)"">Larali21</a>",https://commons.wikimedia.org/wiki/File:Blue-green_eye_closeup.JPG,
brightiris_commons_Blue-greyEyes_p41.jpg,Wikimedia Commons,File:Blue-greyEyes.png,Public domain,"<a href=""//commons.wikimedia.org/w/index.php?title=User:WannaBeNerd&amp;action=edit&amp;redlink=1"" class=""new"" title=""User:WannaBeNerd (page does not exist)"">WannaBeNerd</a>",https://commons.wikimedia.org/wiki/File:Blue-greyEyes.png,
brightiris_commons_Blue_eye_2_p100.jpg,Wikimedia Commons,File:Blue eye 2.jpg,FAL,"<a href=""//commons.wikimedia.org/wiki/User:Chianti"" title=""User:Chianti"">Chianti</a>",https://commons.wikimedia.org/wiki/File:Blue_eye_2.jpg,
brightiris_commons_Blue_Eye_Boy_p99.jpg,Wikimedia Commons,File:Blue Eye Boy.jpg,CC BY 2.0,"<a rel=""nofollow"" class=""external text"" href=""https://www.flickr.com/people/48394718@N00"">Randen Pederson</a>",https://commons.wikimedia.org/wiki/File:Blue_Eye_Boy.jpg,
brightiris_commons_Blue_eye_cropped_p100.jpg,Wikimedia Commons,File:Blue eye (cropped).jpg,CC BY 2.0,"<a rel=""nofollow"" class=""external text"" href=""https://www.flickr.com/photos/44124348109@N01"">Steve Jurvetson</a> from Menlo Park, USA",https://commons.wikimedia.org/wiki/File:Blue_eye_(cropped).jpg,
brightiris_commons_Blue_eye_featuring_a_Nevus_in_the_Iris_p100.jpg,Wikimedia Commons,File:Blue eye featuring a Nevus in the Iris.jpg,CC BY-SA 4.0,"<a href=""//commons.wikimedia.org/wiki/User:Viiticus"" title=""User:Viiticus"">Viiticus</a>",https://commons.wikimedia.org/wiki/File:Blue_eye_featuring_a_Nevus_in_the_Iris.jpg,
brightiris_commons_Blue_eye_limbal_ring_p64.jpg,Wikimedia Commons,File:Blue eye limbal ring.jpg,CC BY-SA 4.0,"<a href=""//commons.wikimedia.org/w/index.php?title=User:Cat_the_Archangel&amp;action=edit&amp;redlink=1"" class=""new"" title=""User:Cat the Archangel (page does not exist)"">Cat the Archangel</a>",https://commons.wikimedia.org/wiki/File:Blue_eye_limbal_ring.jpg,
brightiris_commons_Blue_eye_p99.jpg,Wikimedia Commons,File:Blue eye.jpg,CC BY 2.0,"<a rel=""nofollow"" class=""external text"" href=""https://www.flickr.com/photos/44124348109@N01"">Steve Jurvetson</a> from Menlo Park, USA",https://commons.wikimedia.org/wiki/File:Blue_eye.jpg,
brightiris_commons_Blue_eye_Stephen_p93.jpg,Wikimedia Commons,File:Blue eye Stephen.png,CC BY-SA 2.0 fr,"The original uploader was <a href=""https://en.wikipedia.org/wiki/fr:User:Stef48"" class=""extiw"" title=""w:fr:User:Stef48"">Stef48</a> at <a href=""https://en.wikipedia.org/wiki/fr:"" class=""extiw"" title=""w",https://commons.wikimedia.org/wiki/File:Blue_eye_Stephen.png,
brightiris_commons_Blue_green_eyes_with_central_heterochromia_p48.jpg,Wikimedia Commons,File:Blue green eyes with central heterochromia.jpg,CC BY-SA 4.0,"<a href=""//commons.wikimedia.org/w/index.php?title=User:AlexandraS1967&amp;action=edit&amp;redlink=1"" class=""new"" title=""User:AlexandraS1967 (page does not exist)"">AlexandraS1967</a>",https://commons.wikimedia.org/wiki/File:Blue_green_eyes_with_central_heterochromia.jpg,
brightiris_commons_Blue_hazel_eye_p96.jpg,Wikimedia Commons,File:Blue hazel eye.jpg,CC BY-SA 3.0,"<a href=""//commons.wikimedia.org/w/index.php?title=User:Smurkst&amp;action=edit&amp;redlink=1"" class=""new"" title=""User:Smurkst (page does not exist)"">Smurkst</a>",https://commons.wikimedia.org/wiki/File:Blue_hazel_eye.jpg,
brightiris_commons_BlueGreen_p89.jpg,Wikimedia Commons,File:BlueGreen.jpg,Public domain,"<a href=""https://en.wikipedia.org/wiki/User:Wiki_edit2"" class=""extiw"" title=""wikipedia:User:Wiki edit2"">Wiki edit2</a> at <a href=""https://en.wikipedia.org/wiki/"" class=""extiw"" title=""wikipedia:"">Engl",https://commons.wikimedia.org/wiki/File:BlueGreen.jpg,
brightiris_commons_Blueye_p95.jpg,Wikimedia Commons,File:Blueye.png,Public domain,"<a href=""//commons.wikimedia.org/w/index.php?title=User:Gberji_fgerui0gb&amp;action=edit&amp;redlink=1"" class=""new"" title=""User:Gberji fgerui0gb (page does not exist)"">Gberji fgerui0gb</a>",https://commons.wikimedia.org/wiki/File:Blueye.png,
brightiris_commons_Bright_green_eye_p92.jpg,Wikimedia Commons,File:Bright green eye.png,CC BY-SA 4.0,"<a href=""//commons.wikimedia.org/w/index.php?title=User:Ilanno&amp;action=edit&amp;redlink=1"" class=""new"" title=""User:Ilanno (page does not exist)"">Ilanno</a>",https://commons.wikimedia.org/wiki/File:Bright_green_eye.png,
brightiris_commons_BrightBlueEyes_p98.jpg,Wikimedia Commons,File:BrightBlueEyes.JPG,CC BY-SA 3.0,"<a href=""//commons.wikimedia.org/wiki/User:Lacobrigo"" title=""User:Lacobrigo"">Lacobrigo</a>",https://commons.wikimedia.org/wiki/File:BrightBlueEyes.JPG,
brightiris_commons_Brown_Eyes_Gene_Green_Arabic_Red_Coloring_p32.jpg,Wikimedia Commons,File:Brown Eyes Gene Green Arabic Red Coloring.jpg,CC0,"<a rel=""nofollow"" class=""external text"" href=""https://pixabay.com/en/users/AdinaVoicu-485024/"">Adina Voicu</a>",https://commons.wikimedia.org/wiki/File:Brown_Eyes_Gene_Green_Arabic_Red_Coloring.jpg,
brightiris_commons_Bw_and_colour_eye_p92.jpg,Wikimedia Commons,File:B&w and colour eye.jpg,CC BY 2.0,"<a rel=""nofollow"" class=""external text"" href=""https://www.flickr.com/photos/66416732@N00"">Shagun Rekhi</a> from Rochester, NY, United States",https://commons.wikimedia.org/wiki/File:B%26w_and_colour_eye.jpg,
brightiris_commons_Castle_using_eye_for_wide_angle_lens_p100.jpg,Wikimedia Commons,File:Castle using eye for wide angle lens.jpg,CC BY-SA 2.0,"<a rel=""nofollow"" class=""external text"" href=""https://www.flickr.com/people/32881434@N08"">D L</a>",https://commons.wikimedia.org/wiki/File:Castle_using_eye_for_wide_angle_lens.jpg,
brightiris_commons_Central_Heterochromia_Blue__Yellow_Eye_p100.jpg,Wikimedia Commons,"File:Central Heterochromia, Blue & Yellow Eye.jpg",CC BY-SA 3.0,"<a href=""//commons.wikimedia.org/wiki/User:Mutasim0hourani"" title=""User:Mutasim0hourani"">Mutasim0hourani</a>","https://commons.wikimedia.org/wiki/File:Central_Heterochromia,_Blue_%26_Yellow_Eye.jpg",
brightiris_commons_Close-up_Image_of_a_Human_Iris_p100.jpg,Wikimedia Commons,File:Close-up Image of a Human Iris.jpg,CC BY-SA 3.0,"<a href=""//commons.wikimedia.org/w/index.php?title=User:Shillier&amp;action=edit&amp;redlink=1"" class=""new"" title=""User:Shillier (page does not exist)"">Shillier</a>",https://commons.wikimedia.org/wiki/File:Close-up_Image_of_a_Human_Iris.jpg,
brightiris_commons_Close-up_of_the_iris_of_the_eye_p100.jpg,Wikimedia Commons,File:Close-up of the iris of the eye.jpg,CC BY-SA 2.0,"<a rel=""nofollow"" class=""external text"" href=""https://www.flickr.com/photos/51035573981@N01"">Chad Miller</a>",https://commons.wikimedia.org/wiki/File:Close-up_of_the_iris_of_the_eye.jpg,
brightiris_commons_Close_up_shot_of_the_human_eye_9_August_2024_p76.jpg,Wikimedia Commons,"File:Close up shot of the human eye, 9 August 2024.jpg",CC0,"<a href=""//commons.wikimedia.org/w/index.php?title=User:Kookaaa&amp;action=edit&amp;redlink=1"" class=""new"" title=""User:Kookaaa (page does not exist)"">Kookaaa</a>","https://commons.wikimedia.org/wiki/File:Close_up_shot_of_the_human_eye,_9_August_2024.jpg",
brightiris_commons_Color_contact_lens_eye_brown_p99.jpg,Wikimedia Commons,File:Color contact lens eye brown.jpg,Public domain,"<a href=""//commons.wikimedia.org/wiki/User:Cassiopeia_sweet"" title=""User:Cassiopeia sweet"">Cassiopeia sweet</a>",https://commons.wikimedia.org/wiki/File:Color_contact_lens_eye_brown.jpg,
brightiris_commons_Color_de_ojos_p100.jpg,Wikimedia Commons,File:Color de ojos.jpg,CC BY-SA 3.0,"<a href=""//commons.wikimedia.org/w/index.php?title=User:Giselle_Cardozo~commonswiki&amp;action=edit&amp;redlink=1"" class=""new"" title=""User:Giselle Cardozo~commonswiki (page does not exist)"">Giselle Ca",https://commons.wikimedia.org/wiki/File:Color_de_ojos.jpg,
brightiris_commons_ColourIris_p100.jpg,Wikimedia Commons,File:ColourIris.png,CC BY 3.0,"<a href=""//commons.wikimedia.org/w/index.php?title=User:Smhossei&amp;action=edit&amp;redlink=1"" class=""new"" title=""User:Smhossei (page does not exist)"">Smhossei</a>",https://commons.wikimedia.org/wiki/File:ColourIris.png,
brightiris_commons_Contact_Lens_Macro_p28.jpg,Wikimedia Commons,File:Contact Lens Macro.JPG,CC BY-SA 3.0,"<a href=""//commons.wikimedia.org/w/index.php?title=User:Clarisselitiatco&amp;action=edit&amp;redlink=1"" class=""new"" title=""User:Clarisselitiatco (page does not exist)"">Clarisselitiatco</a>",https://commons.wikimedia.org/wiki/File:Contact_Lens_Macro.JPG,
brightiris_commons_Contact_Lens_p31.jpg,Wikimedia Commons,File:Contact Lens.jpg,CC BY-SA 4.0,"<a href=""//commons.wikimedia.org/wiki/User:Peter_Clarke"" title=""User:Peter Clarke"">Peter Clarke</a>",https://commons.wikimedia.org/wiki/File:Contact_Lens.jpg,
brightiris_commons_Coppereyesyo_p100.jpg,Wikimedia Commons,File:Coppereyesyo.jpg,CC BY-SA 3.0,"<a href=""https://en.wikipedia.org/wiki/user:NightWingTNBA"" class=""extiw"" title=""en:user:NightWingTNBA"">en:user:NightWingTNBA</a>",https://commons.wikimedia.org/wiki/File:Coppereyesyo.jpg,
brightiris_commons_Corneal_transplant_p53.jpg,Wikimedia Commons,File:Corneal transplant.jpg,Public domain,John Ricks,https://commons.wikimedia.org/wiki/File:Corneal_transplant.jpg,
brightiris_commons_Darkbluegreyiris_p98.jpg,Wikimedia Commons,File:Darkbluegreyiris.jpg,CC BY-SA 3.0,"<a href=""//commons.wikimedia.org/w/index.php?title=User:Exordium&amp;action=edit&amp;redlink=1"" class=""new"" title=""User:Exordium (page does not exist)"">Exordium</a>",https://commons.wikimedia.org/wiki/File:Darkbluegreyiris.jpg,
brightiris_commons_Davinaseye_p96.jpg,Wikimedia Commons,File:Davinaseye.JPG,CC BY-SA 3.0,"<a href=""https://en.wikipedia.org/wiki/user:NightWingTNBA"" class=""extiw"" title=""en:user:NightWingTNBA"">en:user:NightWingTNBA</a>",https://commons.wikimedia.org/wiki/File:Davinaseye.JPG,
brightiris_commons_DC0164-0177_3006123534_p100.jpg,Wikimedia Commons,File:DC0164-0177 (3006123534).jpg,CC BY 2.0,"<a rel=""nofollow"" class=""external text"" href=""https://www.flickr.com/people/53797079@N00"">Benjamin Gonzales</a> from Chicago, United States of America",https://commons.wikimedia.org/wiki/File:DC0164-0177_(3006123534).jpg,
brightiris_commons_Deep_Blue_eye_p96.jpg,Wikimedia Commons,File:Deep Blue eye.jpg,CC BY 2.0,"<a rel=""nofollow"" class=""external text"" href=""https://www.flickr.com/people/31672944@N07"">Look Into My Eyes</a>",https://commons.wikimedia.org/wiki/File:Deep_Blue_eye.jpg,
brightiris_commons_Double_colour_eye_p100.jpg,Wikimedia Commons,File:Double colour eye.jpg,Public domain,"<a href=""//commons.wikimedia.org/w/index.php?title=User:Jesulio_91&amp;action=edit&amp;redlink=1"" class=""new"" title=""User:Jesulio 91 (page does not exist)"">Jesulio 91</a>",https://commons.wikimedia.org/wiki/File:Double_colour_eye.jpg,
brightiris_commons_Ehlers-danlos_p100.jpg,Wikimedia Commons,File:Ehlers-danlos.png,Public domain,National Eye Institute,https://commons.wikimedia.org/wiki/File:Ehlers-danlos.png,
brightiris_commons_Electric_Blue_Eye_p100.jpg,Wikimedia Commons,File:Electric Blue Eye.jpg,CC BY 2.0,"<a rel=""nofollow"" class=""external text"" href=""https://www.flickr.com/people/39059056@N00"">Michael Phillips</a>",https://commons.wikimedia.org/wiki/File:Electric_Blue_Eye.jpg,
brightiris_commons_Eye_01_p98.jpg,Wikimedia Commons,File:Eye 01.jpg,Public domain,"<a href=""https://en.wikipedia.org/wiki/it:User:BROlLy"" class=""extiw"" title=""w:it:User:BROlLy"">BROlLy</a> at <a href=""https://en.wikipedia.org/wiki/it:"" class=""extiw"" title=""w:it:"">Italian Wikipedia</a",https://commons.wikimedia.org/wiki/File:Eye_01.jpg,
brightiris_commons_Eye_04_p47.jpg,Wikimedia Commons,File:Eye 04.jpg,Public domain,"<a href=""https://en.wikipedia.org/wiki/it:User:BROlLy"" class=""extiw"" title=""w:it:User:BROlLy"">BROlLy</a> at <a href=""https://en.wikipedia.org/wiki/it:"" class=""extiw"" title=""w:it:"">Italian Wikipedia</a",https://commons.wikimedia.org/wiki/File:Eye_04.jpg,
brightiris_commons_Eye_06_p54.jpg,Wikimedia Commons,File:Eye 06.jpg,Public domain,"<a href=""https://en.wikipedia.org/wiki/it:User:BROlLy"" class=""extiw"" title=""w:it:User:BROlLy"">BROlLy</a> at <a href=""https://en.wikipedia.org/wiki/it:"" class=""extiw"" title=""w:it:"">Italian Wikipedia</a",https://commons.wikimedia.org/wiki/File:Eye_06.jpg,
brightiris_commons_Eye_2498768430_p100.jpg,Wikimedia Commons,File:Eye (2498768430).jpg,CC BY 2.0,"<a rel=""nofollow"" class=""external text"" href=""https://www.flickr.com/people/78023771@N00"">Angelo DeSantis</a> from Berkeley, US",https://commons.wikimedia.org/wiki/File:Eye_(2498768430).jpg,
brightiris_commons_Eye__Juno_p96.jpg,Wikimedia Commons,File:Eye – Juno.jpg,CC BY-SA 4.0,Genusfotografen (Tommas Gunnarsson) / Wikimedia,https://commons.wikimedia.org/wiki/File:Eye_%E2%80%93_Juno.jpg,
brightiris_commons_Eye_big_p100.jpg,Wikimedia Commons,File:Eye big.JPG,CC BY-SA 3.0,M. Bloch,https://commons.wikimedia.org/wiki/File:Eye_big.JPG,
brightiris_commons_Eye_closeup_greebrown_p100.jpg,Wikimedia Commons,File:Eye closeup greebrown.jpg,CC BY-SA 3.0,Stefan Schroeder,https://commons.wikimedia.org/wiki/File:Eye_closeup_greebrown.jpg,
brightiris_commons_Eye_closeup_p75.jpg,Wikimedia Commons,File:Eye closeup.jpg,Public domain,"<a href=""//commons.wikimedia.org/wiki/User:Dzenanz"" title=""User:Dzenanz"">Dzenanz</a>",https://commons.wikimedia.org/wiki/File:Eye_closeup.jpg,
brightiris_commons_Eye_full_p100.jpg,Wikimedia Commons,File:Eye full.jpg,CC BY 2.0,"<a rel=""nofollow"" class=""external text"" href=""https://www.flickr.com/people/8707895@N06"">Howie Le</a> from San Jose, USA",https://commons.wikimedia.org/wiki/File:Eye_full.jpg,
brightiris_commons_Eye_Heterochromia_Blue_Green_p100.jpg,Wikimedia Commons,File:Eye Heterochromia Blue Green.jpg,CC BY-SA 3.0,"<a href=""//commons.wikimedia.org/w/index.php?title=User:Cortexd&amp;action=edit&amp;redlink=1"" class=""new"" title=""User:Cortexd (page does not exist)"">Cortexd</a>",https://commons.wikimedia.org/wiki/File:Eye_Heterochromia_Blue_Green.jpg,
brightiris_commons_Eye_I_p100.jpg,Wikimedia Commons,File:Eye I.jpg,CC BY 2.0,"<a rel=""nofollow"" class=""external text"" href=""https://www.flickr.com/people/38585972@N04"">Thomas Tolkien</a>",https://commons.wikimedia.org/wiki/File:Eye_I.jpg,
brightiris_commons_Eye_iris_p100.jpg,Wikimedia Commons,File:Eye iris.jpg,CC BY-SA 2.5,"<a href=""//commons.wikimedia.org/wiki/User:Che"" title=""User:Che"">che</a> <br>(Please credit as <i>""Petr Novák, Wikipedia""</i> in case you use this outside Wikimedia projects.)",https://commons.wikimedia.org/wiki/File:Eye_iris.jpg,
brightiris_commons_Eye_iris_xx_p100.jpg,Wikimedia Commons,File:Eye iris xx.jpg,CC BY-SA 3.0,"<a href=""//commons.wikimedia.org/wiki/User:Che"" title=""User:Che"">che</a> <br>(Please credit as <i>""Petr Novák, Wikipedia""</i> in case you use this outside Wikimedia projects.)",https://commons.wikimedia.org/wiki/File:Eye_iris_xx.jpg,
brightiris_commons_Eye_lashes_with_makeup_p43.jpg,Wikimedia Commons,File:Eye lashes with makeup.jpg,Copyrighted free use,"<a rel=""nofollow"" class=""external text"" href=""http://www.sxc.hu/profile/esrasu"">Esra</a> / <a rel=""nofollow"" class=""external text"" href=""mailto:esra@1ffm.de"">Esra</a>",https://commons.wikimedia.org/wiki/File:Eye_lashes_with_makeup.jpg,
brightiris_commons_Eye_Lt_3_120040889_p100.jpg,Wikimedia Commons,File:Eye Lt 3 (120040889).jpeg,CC BY 3.0,"<div class=""fn value"">
<a rel=""nofollow"" class=""external text"" href=""https://500px.com/YounisHantouli"">Younis Hantouli</a></div>",https://commons.wikimedia.org/wiki/File:Eye_Lt_3_(120040889).jpeg,
brightiris_commons_Eye_macro_p97.jpg,Wikimedia Commons,File:Eye macro.jpg,CC BY-SA 2.0,"<a rel=""nofollow"" class=""external text"" href=""https://www.flickr.com/people/38633611@N00"">Micky Zlimen</a>",https://commons.wikimedia.org/wiki/File:Eye_macro.jpg,
brightiris_commons_Eye_makeup_p89.jpg,Wikimedia Commons,File:Eye makeup.jpg,Copyrighted free use,"<a rel=""nofollow"" class=""external text"" href=""http://www.sxc.hu/profile/esrasu"">Esra</a>",https://commons.wikimedia.org/wiki/File:Eye_makeup.jpg,
brightiris_commons_Eye_of_amber_p100.jpg,Wikimedia Commons,File:Eye of amber.jpg,CC BY 2.0,"<a rel=""nofollow"" class=""external text"" href=""https://www.flickr.com/people/40518938@N00"">Jeff Turner</a>",https://commons.wikimedia.org/wiki/File:Eye_of_amber.jpg,
brightiris_commons_Eyeball-2_p97.jpg,Wikimedia Commons,File:Eyeball-2.png,CC BY-SA 2.5,"<ul><li><a href=""//commons.wikimedia.org/wiki/File:Eyeball.png"" title=""File:Eyeball.png"">Eyeball.png</a>: <b>Intersofia</b></li>
<li>derivative work: <a href=""//commons.wikimedia.org/w/index.php?title",https://commons.wikimedia.org/wiki/File:Eyeball-2.png,
brightiris_commons_Eyeball_p96.jpg,Wikimedia Commons,File:Eyeball.png,CC BY-SA 2.5,"<a href=""//commons.wikimedia.org/wiki/User:Intersofia"" title=""User:Intersofia"">Intersofia</a>",https://commons.wikimedia.org/wiki/File:Eyeball.png,Commons Artist 필드 공란 — 업로더(Intersofia)를 저작자로 기록(2026-08-19 재조회).
brightiris_commons_Eyeball_sugarpond_p100.jpg,Wikimedia Commons,File:Eyeball (sugarpond).jpg,CC BY-SA 2.0,"<a rel=""nofollow"" class=""external text"" href=""https://www.flickr.com/people/sugarpond/"">Sugar Pond</a>, Brooklyn",https://commons.wikimedia.org/wiki/File:Eyeball_(sugarpond).jpg,
brightiris_commons_Eyeonobjetive_p93.jpg,Wikimedia Commons,File:Eyeonobjetive.JPG,CC BY-SA 2.5,"<a href=""//commons.wikimedia.org/w/index.php?title=Rubashkyn&amp;action=edit&amp;redlink=1"" class=""new"" title=""Rubashkyn (page does not exist)"">Rubashkyn</a>",https://commons.wikimedia.org/wiki/File:Eyeonobjetive.JPG,
brightiris_commons_Eyes_1_Toni_p42.jpg,Wikimedia Commons,File:Eyes 1 Toni.jpg,CC BY-SA 3.0,"<a href=""//commons.wikimedia.org/w/index.php?title=User:Peter_N.&amp;action=edit&amp;redlink=1"" class=""new"" title=""User:Peter N. (page does not exist)"">Peter N.</a>",https://commons.wikimedia.org/wiki/File:Eyes_1_Toni.jpg,
brightiris_commons_Eyes_of_a_child_in_the_letter_hole_p94.jpg,Wikimedia Commons,File:Eyes of a child in the letter hole.jpg,CC BY 2.0,"<a rel=""nofollow"" class=""external text"" href=""https://www.flickr.com/people/85105517@N00"">Alex Grech</a> from Malta",https://commons.wikimedia.org/wiki/File:Eyes_of_a_child_in_the_letter_hole.jpg,
brightiris_commons_Eyes_tell_no_lies_Unsplash_p100.jpg,Wikimedia Commons,File:Eyes tell no lies (Unsplash).jpg,CC0,"<a rel=""nofollow"" class=""external text"" href=""https://unsplash.com/@amandadalbjorn"">Amanda Dalbjörn</a>",https://commons.wikimedia.org/wiki/File:Eyes_tell_no_lies_(Unsplash).jpg,
brightiris_commons_Eyesfamily_p84.jpg,Wikimedia Commons,File:Eyesfamily.jpg,CC BY-SA 4.0,"<a href=""//commons.wikimedia.org/w/index.php?title=User:Alex12327&amp;action=edit&amp;redlink=1"" class=""new"" title=""User:Alex12327 (page does not exist)"">Alex12327</a>",https://commons.wikimedia.org/wiki/File:Eyesfamily.jpg,
brightiris_commons_Eyesinbowl_p87.jpg,Wikimedia Commons,File:Eyesinbowl.JPG,Public domain,Anette B.,https://commons.wikimedia.org/wiki/File:Eyesinbowl.JPG,
brightiris_commons_EyeWithoutAfACE1_p100.jpg,Wikimedia Commons,File:EyeWithoutAfACE1.JPG,CC BY-SA 4.0,"<a href=""//commons.wikimedia.org/wiki/User:Gary_Dee"" title=""User:Gary Dee"">Gary Dee</a>",https://commons.wikimedia.org/wiki/File:EyeWithoutAfACE1.JPG,
brightiris_commons_Galaxy_Eye_p100.jpg,Wikimedia Commons,File:Galaxy Eye.jpg,CC BY-SA 4.0,"<a href=""//commons.wikimedia.org/w/index.php?title=User:PolskiausmBlock&amp;action=edit&amp;redlink=1"" class=""new"" title=""User:PolskiausmBlock (page does not exist)"">PolskiausmBlock</a>",https://commons.wikimedia.org/wiki/File:Galaxy_Eye.jpg,
brightiris_commons_Grady_Sizemore_sweating_3862693913_p97.jpg,Wikimedia Commons,File:Grady Sizemore sweating (3862693913).jpg,CC BY-SA 2.0,"<a rel=""nofollow"" class=""external text"" href=""https://www.flickr.com/people/27003603@N00"">Keith Allison</a> from Hanover, MD, USA",https://commons.wikimedia.org/wiki/File:Grady_Sizemore_sweating_(3862693913).jpg,
brightiris_commons_Gray_eye_Northern_Italy_p99.jpg,Wikimedia Commons,"File:Gray eye, Northern Italy.jpg",CC BY-SA 4.0,Martin Mystère,"https://commons.wikimedia.org/wiki/File:Gray_eye,_Northern_Italy.jpg",
brightiris_commons_Grayeye_p100.jpg,Wikimedia Commons,File:Grayeye.JPG,Public domain,"<a href=""//commons.wikimedia.org/w/index.php?title=User:BoleroFire&amp;action=edit&amp;redlink=1"" class=""new"" title=""User:BoleroFire (page does not exist)"">BoleroFire</a>",https://commons.wikimedia.org/wiki/File:Grayeye.JPG,
brightiris_commons_Great_blue_eye_p72.jpg,Wikimedia Commons,File:Great blue eye.jpg,CC BY 4.0,"<a href=""//commons.wikimedia.org/w/index.php?title=User:Lizapopova143&amp;action=edit&amp;redlink=1"" class=""new"" title=""User:Lizapopova143 (page does not exist)"">Lizapopova143</a>",https://commons.wikimedia.org/wiki/File:Great_blue_eye.jpg,
brightiris_commons_Green_3239426963_p92.jpg,Wikimedia Commons,File:Green (3239426963).jpg,CC BY 2.0,"<a rel=""nofollow"" class=""external text"" href=""https://www.flickr.com/people/67958110@N00"">Serge Melki</a> from Indianapolis, USA",https://commons.wikimedia.org/wiki/File:Green_(3239426963).jpg,
brightiris_commons_Green_eye_glasses_p46.jpg,Wikimedia Commons,File:Green eye glasses.jpg,CC BY-SA 3.0,"<a href=""//commons.wikimedia.org/w/index.php?title=User:Lonedoe&amp;action=edit&amp;redlink=1"" class=""new"" title=""User:Lonedoe (page does not exist)"">Lonedoe</a>",https://commons.wikimedia.org/wiki/File:Green_eye_glasses.jpg,
brightiris_commons_Green_eye_lashes_p73.jpg,Wikimedia Commons,File:Green eye lashes.jpg,CC BY-SA 3.0,"No machine-readable author provided. <a href=""//commons.wikimedia.org/w/index.php?title=User:Lonedoe&amp;action=edit&amp;redlink=1"" class=""new"" title=""User:Lonedoe (page does not exist)"">Lonedoe</a> a",https://commons.wikimedia.org/wiki/File:Green_eye_lashes.jpg,
brightiris_commons_Green_Eyes_Human_p98.jpg,Wikimedia Commons,File:Green Eyes Human.png,CC BY-SA 4.0,"<a href=""//commons.wikimedia.org/w/index.php?title=User:ParaSamaritan&amp;action=edit&amp;redlink=1"" class=""new"" title=""User:ParaSamaritan (page does not exist)"">ParaSamaritan</a>",https://commons.wikimedia.org/wiki/File:Green_Eyes_Human.png,
brightiris_commons_Green_light_mixed_type_B_p41.jpg,Wikimedia Commons,File:Green light mixed type B.JPG,CC BY-SA 3.0,"<a href=""//commons.wikimedia.org/w/index.php?title=User:Larali21&amp;action=edit&amp;redlink=1"" class=""new"" title=""User:Larali21 (page does not exist)"">Larali21</a>",https://commons.wikimedia.org/wiki/File:Green_light_mixed_type_B.JPG,
brightiris_commons_Greeneye2_p34.jpg,Wikimedia Commons,File:Greeneye2.jpg,CC BY 3.0,"<a href=""//commons.wikimedia.org/wiki/User:Jrappy87"" class=""mw-redirect"" title=""User:Jrappy87"">Jrappy87</a>",https://commons.wikimedia.org/wiki/File:Greeneye2.jpg,
brightiris_commons_Greeneye_p99.jpg,Wikimedia Commons,File:Greeneye.jpg,CC0,Rick,https://commons.wikimedia.org/wiki/File:Greeneye.jpg,
brightiris_commons_Greeneyeleft_p99.jpg,Wikimedia Commons,File:Greeneyeleft.jpg,CC BY 3.0,"<a href=""//commons.wikimedia.org/w/index.php?title=User:Sare963&amp;action=edit&amp;redlink=1"" class=""new"" title=""User:Sare963 (page does not exist)"">Sare963</a> Sarah Illes",https://commons.wikimedia.org/wiki/File:Greeneyeleft.jpg,
brightiris_commons_Greeniris_p85.jpg,Wikimedia Commons,File:Greeniris.png,CC BY-SA 3.0,"<a href=""//commons.wikimedia.org/w/index.php?title=User:Doortjah&amp;action=edit&amp;redlink=1"" class=""new"" title=""User:Doortjah (page does not exist)"">Doortjah</a>",https://commons.wikimedia.org/wiki/File:Greeniris.png,
brightiris_commons_Grey-eye_p98.jpg,Wikimedia Commons,File:Grey-eye.jpg,CC BY-SA 3.0,"<a href=""//commons.wikimedia.org/w/index.php?title=User:Smurkst&amp;action=edit&amp;redlink=1"" class=""new"" title=""User:Smurkst (page does not exist)"">Smurkst</a>",https://commons.wikimedia.org/wiki/File:Grey-eye.jpg,
brightiris_commons_Grey-green_eye_detail_p98.jpg,Wikimedia Commons,File:Grey-green eye detail.jpg,CC BY-SA 4.0,"<a href=""//commons.wikimedia.org/w/index.php?title=User:Beniben82&amp;action=edit&amp;redlink=1"" class=""new"" title=""User:Beniben82 (page does not exist)"">Beniben82</a>",https://commons.wikimedia.org/wiki/File:Grey-green_eye_detail.jpg,
brightiris_commons_Grey_eye_G5wCD_p35.jpg,Wikimedia Commons,File:Grey eye G5wCD.jpg,Public domain,"<a href=""//commons.wikimedia.org/w/index.php?title=User:Nether_Animal&amp;action=edit&amp;redlink=1"" class=""new"" title=""User:Nether Animal (page does not exist)"">Nether Animal</a>",https://commons.wikimedia.org/wiki/File:Grey_eye_G5wCD.jpg,
brightiris_commons_Hazel-green_eye_2_p100.jpg,Wikimedia Commons,File:Hazel-green eye 2.jpg,CC BY-SA 2.5,"<a href=""https://en.wikipedia.org/wiki/User:Laurinemily"" class=""extiw"" title=""wikipedia:User:Laurinemily"">Laurinemily</a> at <a href=""https://en.wikipedia.org/wiki/"" class=""extiw"" title=""wikipedia:"">E",https://commons.wikimedia.org/wiki/File:Hazel-green_eye_2.jpg,
brightiris_commons_Hazel_eye1_p100.jpg,Wikimedia Commons,commons_Hazel,UNRESOLVED,,,원본 제목 미기록('commons_Hazel'). 후보 File:Hazel eye (1).jpg(PD)와 File:Hazel Eye HD.JPG(CC BY-SA 3.0)의 저작자·라이선스가 서로 달라 단정 불가 — 재확인 전까지 사용 보류 대상(README 참고).
brightiris_commons_Hazel_Eye_-2_p100.jpg,Wikimedia Commons,File:Hazel Eye -2.JPG,CC BY-SA 3.0,"<a href=""//commons.wikimedia.org/wiki/User:Ahodges7"" title=""User:Ahodges7"">Ahodges7</a>",https://commons.wikimedia.org/wiki/File:Hazel_Eye_-2.JPG,
brightiris_commons_Hazel_eye_1_p99.jpg,Wikimedia Commons,File:Hazel eye (1).jpg,Public domain,"<a href=""https://en.wikipedia.org/wiki/User:Sneakydaycrawler"" class=""extiw"" title=""en:User:Sneakydaycrawler"">Sneakydaycrawler</a> at <a class=""external text"" data-mw-original-href=""http://en.wikipedia",https://commons.wikimedia.org/wiki/File:Hazel_eye_(1).jpg,
brightiris_commons_Hazel_Eye_HD_p100.jpg,Wikimedia Commons,File:Hazel Eye HD.JPG,CC BY-SA 3.0,"<a href=""//commons.wikimedia.org/w/index.php?title=User:Rapaceone&amp;action=edit&amp;redlink=1"" class=""new"" title=""User:Rapaceone (page does not exist)"">User:Rapaceone</a>",https://commons.wikimedia.org/wiki/File:Hazel_Eye_HD.JPG,
brightiris_commons_Hazel_eye_of_a_mixed-ethnicity_female_p99.jpg,Wikimedia Commons,File:Hazel eye of a mixed-ethnicity female.jpg,CC BY-SA 3.0,"<a href=""//commons.wikimedia.org/w/index.php?title=User:Signalgoddess&amp;action=edit&amp;redlink=1"" class=""new"" title=""User:Signalgoddess (page does not exist)"">Signalgoddess</a>",https://commons.wikimedia.org/wiki/File:Hazel_eye_of_a_mixed-ethnicity_female.jpg,
brightiris_commons_Hazel_eye_p96.jpg,Wikimedia Commons,File:Hazel eye.jpg,Public domain,"<a href=""https://en.wikipedia.org/wiki/User:Tlf333"" class=""extiw"" title=""wikipedia:User:Tlf333"">Tlf333</a> at <a href=""https://en.wikipedia.org/wiki/"" class=""extiw"" title=""wikipedia:"">English Wikipedi",https://commons.wikimedia.org/wiki/File:Hazel_eye.jpg,
brightiris_commons_Hazel_Eyes_Iris_closeup_Caucasian_male_age_23_p100.jpg,Wikimedia Commons,"File:Hazel Eyes Iris closeup, Caucasian male, age 23.jpg",CC BY-SA 3.0,"<a href=""//commons.wikimedia.org/w/index.php?title=User:Stephenbalaban&amp;action=edit&amp;redlink=1"" class=""new"" title=""User:Stephenbalaban (page does not exist)"">Stephenbalaban</a>","https://commons.wikimedia.org/wiki/File:Hazel_Eyes_Iris_closeup,_Caucasian_male,_age_23.jpg",
brightiris_commons_Hazel_Eyes_marron_verdoso_Caracas_Venezuela_2018_p91.jpg,Wikimedia Commons,File:Hazel Eyes (marron verdoso) Caracas Venezuela 2018.jpg,CC BY 4.0,"<a href=""//commons.wikimedia.org/w/index.php?title=User:QuinteroP&amp;action=edit&amp;redlink=1"" class=""new"" title=""User:QuinteroP (page does not exist)"">QuinteroP</a>",https://commons.wikimedia.org/wiki/File:Hazel_Eyes_(marron_verdoso)_Caracas_Venezuela_2018.jpg,
brightiris_commons_Hazel_Eyes_Ojos_Avellana_Marron-Verde_Caracas_Venezuela_p86.jpg,Wikimedia Commons,File:Hazel Eyes Ojos Avellana (Marron-Verde) Caracas Venezuela.jpg,CC BY 4.0,"<a href=""//commons.wikimedia.org/w/index.php?title=User:QuinteroP&amp;action=edit&amp;redlink=1"" class=""new"" title=""User:QuinteroP (page does not exist)"">QuinteroP</a>",https://commons.wikimedia.org/wiki/File:Hazel_Eyes_Ojos_Avellana_(Marron-Verde)_Caracas_Venezuela.jpg,
brightiris_commons_Hazel_green_eye_close_up_p53.jpg,Wikimedia Commons,File:Hazel green eye close up.jpg,CC BY-SA 3.0,"<a href=""//commons.wikimedia.org/w/index.php?title=User:TheSonoran&amp;action=edit&amp;redlink=1"" class=""new"" title=""User:TheSonoran (page does not exist)"">TheSonoran</a>",https://commons.wikimedia.org/wiki/File:Hazel_green_eye_close_up.jpg,
brightiris_commons_Hazeleye_p100.jpg,Wikimedia Commons,File:Hazeleye.jpg,CC BY-SA 2.5,"No machine-readable author provided. <a href=""//commons.wikimedia.org/w/index.php?title=User:Cgm~commonswiki&amp;action=edit&amp;redlink=1"" class=""new"" title=""User:Cgm~commonswiki (page does not exist",https://commons.wikimedia.org/wiki/File:Hazeleye.jpg,
brightiris_commons_Heterochromia_iridis_01_p99.jpg,Wikimedia Commons,File:Heterochromia iridis 01.jpg,CC BY-SA 3.0,"No machine-readable author provided. <a href=""//commons.wikimedia.org/wiki/User:Mike_R"" title=""User:Mike R"">Mike R</a> assumed (based on copyright claims).",https://commons.wikimedia.org/wiki/File:Heterochromia_iridis_01.jpg,
brightiris_commons_Heterocromia_p48.jpg,Wikimedia Commons,File:Heterocromia.jpg,CC BY-SA 3.0,"<a href=""//commons.wikimedia.org/w/index.php?title=User:Dayana_Gutierrez&amp;action=edit&amp;redlink=1"" class=""new"" title=""User:Dayana Gutierrez (page does not exist)"">Dayana Gutierrez</a>",https://commons.wikimedia.org/wiki/File:Heterocromia.jpg,
brightiris_commons_High-Eye_p97.jpg,Wikimedia Commons,File:High-Eye.jpg,Public domain,"<a href=""//commons.wikimedia.org/wiki/User:Psychonaught"" title=""User:Psychonaught"">Psychonaught</a>",https://commons.wikimedia.org/wiki/File:High-Eye.jpg,
brightiris_commons_High-Resolution_Iris_Picture_p96.jpg,Wikimedia Commons,File:High-Resolution Iris Picture.jpg,CC BY-SA 4.0,User: jakemaheu,https://commons.wikimedia.org/wiki/File:High-Resolution_Iris_Picture.jpg,
brightiris_commons_Human_eye_anterior_view_p91.jpg,Wikimedia Commons,"File:Human eye, anterior view.jpg",CC BY-SA 4.0,Rapidreflex,"https://commons.wikimedia.org/wiki/File:Human_eye,_anterior_view.jpg",
brightiris_commons_Human_eye_close_up_2_p100.jpg,Wikimedia Commons,File:Human eye close up 2.jpg,CC BY-SA 4.0,"<a href=""//commons.wikimedia.org/wiki/User:Qirille"" title=""User:Qirille"">Qirille</a>",https://commons.wikimedia.org/wiki/File:Human_eye_close_up_2.jpg,
brightiris_commons_Human_eye_close_up_anterior_view_p100.jpg,Wikimedia Commons,"File:Human eye close up, anterior view.jpg",CC BY-SA 4.0,"<a href=""//commons.wikimedia.org/w/index.php?title=User:Rapidreflex&amp;action=edit&amp;redlink=1"" class=""new"" title=""User:Rapidreflex (page does not exist)"">Rapidreflex</a>","https://commons.wikimedia.org/wiki/File:Human_eye_close_up,_anterior_view.jpg",
brightiris_commons_Human_eye_close_up_p100.jpg,Wikimedia Commons,File:Human eye close up.jpg,CC BY-SA 4.0,"<a href=""//commons.wikimedia.org/wiki/User:Qirille"" title=""User:Qirille"">Qirille</a>",https://commons.wikimedia.org/wiki/File:Human_eye_close_up.jpg,
brightiris_commons_Human_eye_detail_from-_A_blue_eye_cropped_p99.jpg,Wikimedia Commons,"File:Human eye detail, from- A blue eye (cropped).jpg",CC BY-SA 3.0,"<a href=""https://en.wikipedia.org/wiki/User:8thstar"" class=""extiw"" title=""wikipedia:User:8thstar"">8thstar</a> at <a href=""https://en.wikipedia.org/wiki/"" class=""extiw"" title=""wikipedia:"">English Wikip","https://commons.wikimedia.org/wiki/File:Human_eye_detail,_from-_A_blue_eye_(cropped).jpg",
brightiris_commons_Human_eye_detail_from-_Bloodshot_EyeBall_cropped_p100.jpg,Wikimedia Commons,"File:Human eye detail, from- Bloodshot EyeBall (cropped).jpg",Public domain,"<a href=""//commons.wikimedia.org/wiki/User:Psychonaught"" title=""User:Psychonaught"">Psychonaught</a>","https://commons.wikimedia.org/wiki/File:Human_eye_detail,_from-_Bloodshot_EyeBall_(cropped).jpg",
brightiris_commons_Human_eye_detail_from-_Boje_oka_cropped_p100.jpg,Wikimedia Commons,"File:Human eye detail, from- Boje oka (cropped).jpg",CC BY-SA 4.0,"<a href=""//commons.wikimedia.org/w/index.php?title=User:BojanaIv&amp;action=edit&amp;redlink=1"" class=""new"" title=""User:BojanaIv (page does not exist)"">BojanaIv</a>","https://commons.wikimedia.org/wiki/File:Human_eye_detail,_from-_Boje_oka_(cropped).jpg",
brightiris_commons_Human_eye_detail_from-_Brown_human_eye_cropped_p100.jpg,Wikimedia Commons,"File:Human eye detail, from- Brown human eye (cropped).jpg",CC BY-SA 3.0,"<a href=""https://en.wikipedia.org/wiki/User:Rnbc"" class=""extiw"" title=""wikipedia:User:Rnbc"">Rnbc</a> at <a href=""https://en.wikipedia.org/wiki/"" class=""extiw"" title=""wikipedia:"">English Wikipedia</a>.","https://commons.wikimedia.org/wiki/File:Human_eye_detail,_from-_Brown_human_eye_(cropped).jpg",
brightiris_commons_Human_eye_detail_from-_Eye_Central_Heterochromia_crop_and_lighter_cropped_p100.jpg,Wikimedia Commons,"File:Human eye detail, from- Eye Central Heterochromia crop and lighter (cropped).jpg",CC BY 3.0,"<a href=""//commons.wikimedia.org/wiki/Creator:Adam_Cuerden"" title=""Creator:Adam Cuerden"">Adam Cuerden</a>, modified by <a href=""//commons.wikimedia.org/wiki/User:Greg_A_L"" title=""User:Greg A L"">Greg A","https://commons.wikimedia.org/wiki/File:Human_eye_detail,_from-_Eye_Central_Heterochromia_crop_and_lighter_(cropped).jpg",
brightiris_commons_Human_eye_detail_from-_Human_eye_close_up_cropped_p100.jpg,Wikimedia Commons,"File:Human eye detail, from- Human eye close up (cropped).jpg",CC BY-SA 4.0,"<a href=""//commons.wikimedia.org/wiki/User:Qirille"" title=""User:Qirille"">Qirille</a>","https://commons.wikimedia.org/wiki/File:Human_eye_detail,_from-_Human_eye_close_up_(cropped).jpg",
brightiris_commons_Human_eye_in_bright_light_p100.jpg,Wikimedia Commons,File:Human eye in bright light.jpg,CC BY-SA 4.0,"<a href=""//commons.wikimedia.org/w/index.php?title=User:Rapidreflex&amp;action=edit&amp;redlink=1"" class=""new"" title=""User:Rapidreflex (page does not exist)"">Rapidreflex</a>",https://commons.wikimedia.org/wiki/File:Human_eye_in_bright_light.jpg,
brightiris_commons_Human_eye_with_blood_vessels_p100.jpg,Wikimedia Commons,File:Human eye with blood vessels.jpg,CC BY-SA 3.0,"<a href=""//commons.wikimedia.org/w/index.php?title=User:ROTFLOLEB&amp;action=edit&amp;redlink=1"" class=""new"" title=""User:ROTFLOLEB (page does not exist)"">ROTFLOLEB</a>",https://commons.wikimedia.org/wiki/File:Human_eye_with_blood_vessels.jpg,
brightiris_commons_Human_eye_with_limbal_ring_anterior_view_p78.jpg,Wikimedia Commons,"File:Human eye with limbal ring, anterior view.jpg",CC BY-SA 4.0,"<a href=""//commons.wikimedia.org/w/index.php?title=User:Rapidreflex&amp;action=edit&amp;redlink=1"" class=""new"" title=""User:Rapidreflex (page does not exist)"">Rapidreflex</a>","https://commons.wikimedia.org/wiki/File:Human_eye_with_limbal_ring,_anterior_view.jpg",
brightiris_commons_Human_Iris_JD052007_p100.jpg,Wikimedia Commons,File:Human Iris JD052007.jpg,CC BY-SA 3.0,"<a href=""//commons.wikimedia.org/wiki/User:JDrewes"" title=""User:JDrewes"">JDrewes</a>",https://commons.wikimedia.org/wiki/File:Human_Iris_JD052007.jpg,
brightiris_commons_HumanAmberEye_p57.jpg,Wikimedia Commons,File:HumanAmberEye.jpg,CC BY-SA 3.0,"<a href=""//commons.wikimedia.org/w/index.php?title=User:Nicoleslaw23&amp;action=edit&amp;redlink=1"" class=""new"" title=""User:Nicoleslaw23 (page does not exist)"">Nicoleslaw23</a>",https://commons.wikimedia.org/wiki/File:HumanAmberEye.jpg,
brightiris_commons_HumanFemaleAmberEye_p99.jpg,Wikimedia Commons,File:HumanFemaleAmberEye.jpg,CC BY-SA 3.0,"<a href=""//commons.wikimedia.org/w/index.php?title=User:Nicoleslaw23&amp;action=edit&amp;redlink=1"" class=""new"" title=""User:Nicoleslaw23 (page does not exist)"">Nicoleslaw23</a>",https://commons.wikimedia.org/wiki/File:HumanFemaleAmberEye.jpg,
brightiris_commons_HumanFemalewithAmberIris_p87.jpg,Wikimedia Commons,File:HumanFemalewithAmberIris.jpg,CC BY-SA 3.0,"<a href=""//commons.wikimedia.org/w/index.php?title=User:Ekbaros&amp;action=edit&amp;redlink=1"" class=""new"" title=""User:Ekbaros (page does not exist)"">Ekbaros</a>",https://commons.wikimedia.org/wiki/File:HumanFemalewithAmberIris.jpg,
brightiris_commons_Iris-1-cp_p100.jpg,Wikimedia Commons,File:Iris-1-cp.png,CC BY-SA 3.0,"<a href=""//commons.wikimedia.org/wiki/User:Intersofia"" title=""User:Intersofia"">Intersofia</a>",https://commons.wikimedia.org/wiki/File:Iris-1-cp.png,Commons Artist 필드 공란 — 업로더(Intersofia)를 저작자로 기록(2026-08-19 재조회).
brightiris_commons_Iris1_p100.jpg,Wikimedia Commons,File:Iris1.jpg,CC BY-SA 3.0,"No machine-readable author provided. <a href=""//commons.wikimedia.org/wiki/User:JennaMarie83~commonswiki"" title=""User:JennaMarie83~commonswiki"">JennaMarie83~commonswiki</a> assumed (based on copyright",https://commons.wikimedia.org/wiki/File:Iris1.jpg,
brightiris_commons_Iris2_p100.jpg,Wikimedia Commons,File:Iris2.jpg,CC BY-SA 3.0,"No machine-readable author provided. <a href=""//commons.wikimedia.org/wiki/User:JennaMarie83~commonswiki"" title=""User:JennaMarie83~commonswiki"">JennaMarie83~commonswiki</a> assumed (based on copyright",https://commons.wikimedia.org/wiki/File:Iris2.jpg,
brightiris_commons_Iris_-_left_eye_of_a_girl_p99.jpg,Wikimedia Commons,File:Iris - left eye of a girl.jpg,CC BY-SA 3.0,"<a href=""//commons.wikimedia.org/wiki/User:Laitr_Keiows"" title=""User:Laitr Keiows"">Laitr Keiows</a>",https://commons.wikimedia.org/wiki/File:Iris_-_left_eye_of_a_girl.jpg,
brightiris_commons_Iris_-_right_eye_of_a_girl_p100.jpg,Wikimedia Commons,File:Iris - right eye of a girl.jpg,CC BY-SA 3.0,"<a href=""//commons.wikimedia.org/wiki/User:Laitr_Keiows"" title=""User:Laitr Keiows"">Laitr Keiows</a>",https://commons.wikimedia.org/wiki/File:Iris_-_right_eye_of_a_girl.jpg,
brightiris_commons_Iris_16032014_p99.jpg,Wikimedia Commons,File:Iris 16032014.jpg,CC BY-SA 3.0,"<a href=""//commons.wikimedia.org/w/index.php?title=User:Mattis2412&amp;action=edit&amp;redlink=1"" class=""new"" title=""User:Mattis2412 (page does not exist)"">Mattis2412</a>",https://commons.wikimedia.org/wiki/File:Iris_16032014.jpg,
brightiris_commons_Iris_49597764638_p93.jpg,Wikimedia Commons,File:Iris (49597764638).jpg,CC BY 2.0,"<a rel=""nofollow"" class=""external text"" href=""https://www.flickr.com/people/105966480@N03"">Cristian Ibarra Santillan</a>",https://commons.wikimedia.org/wiki/File:Iris_(49597764638).jpg,
brightiris_commons_Iris_bilious_right_p100.jpg,Wikimedia Commons,File:Iris bilious right.jpg,CC BY-SA 3.0,"<a href=""//commons.wikimedia.org/w/index.php?title=User:Frigar&amp;action=edit&amp;redlink=1"" class=""new"" title=""User:Frigar (page does not exist)"">Frigar</a>",https://commons.wikimedia.org/wiki/File:Iris_bilious_right.jpg,
brightiris_commons_Iris_centralheterochromy_p84.jpg,Wikimedia Commons,File:Iris centralheterochromy.jpg,CC BY-SA 3.0,"<a href=""//commons.wikimedia.org/w/index.php?title=User:SheLovesGhosts&amp;action=edit&amp;redlink=1"" class=""new"" title=""User:SheLovesGhosts (page does not exist)"">SheLovesGhosts</a>",https://commons.wikimedia.org/wiki/File:Iris_centralheterochromy.jpg,
brightiris_commons_Iris_close-up_p100.jpg,Wikimedia Commons,File:Iris close-up.jpg,CC BY-SA 3.0,"<ul><li>derivative work: <a href=""//commons.wikimedia.org/wiki/User:Laitr_Keiows"" title=""User:Laitr Keiows"">Laitr Keiows</a> (<a href=""//commons.wikimedia.org/wiki/User_talk:Laitr_Keiows"" title=""User ",https://commons.wikimedia.org/wiki/File:Iris_close-up.jpg,
brightiris_commons_Iris_closeup_p99.jpg,Wikimedia Commons,File:Iris closeup.jpg,CC BY-SA 3.0,"<a href=""//commons.wikimedia.org/w/index.php?title=User:Nico0891&amp;action=edit&amp;redlink=1"" class=""new"" title=""User:Nico0891 (page does not exist)"">Nico0891</a>",https://commons.wikimedia.org/wiki/File:Iris_closeup.jpg,
brightiris_commons_Iris_cornea_adnexa_-_biomicroscope_p100.jpg,Wikimedia Commons,File:Iris cornea adnexa - biomicroscope.jpg,CC BY-SA 4.0,"<a href=""//commons.wikimedia.org/w/index.php?title=User:Ewiessner&amp;action=edit&amp;redlink=1"" class=""new"" title=""User:Ewiessner (page does not exist)"">Eric Wiessner</a>",https://commons.wikimedia.org/wiki/File:Iris_cornea_adnexa_-_biomicroscope.jpg,
brightiris_commons_Iris_haematogenous_right_p100.jpg,Wikimedia Commons,File:Iris haematogenous right.jpg,CC BY-SA 3.0,"<a href=""//commons.wikimedia.org/w/index.php?title=User:Frigar&amp;action=edit&amp;redlink=1"" class=""new"" title=""User:Frigar (page does not exist)"">Frigar</a>",https://commons.wikimedia.org/wiki/File:Iris_haematogenous_right.jpg,
brightiris_commons_Iris_lymphatic_right_p100.jpg,Wikimedia Commons,File:Iris lymphatic right.jpg,CC BY-SA 3.0,"<a href=""//commons.wikimedia.org/w/index.php?title=User:Frigar&amp;action=edit&amp;redlink=1"" class=""new"" title=""User:Frigar (page does not exist)"">Frigar</a>",https://commons.wikimedia.org/wiki/File:Iris_lymphatic_right.jpg,
brightiris_commons_Iris_of_the_Human_Eye_p100.jpg,Wikimedia Commons,File:Iris of the Human Eye.jpg,CC BY-SA 3.0,"<a href=""//commons.wikimedia.org/w/index.php?title=User:Mcorrens&amp;action=edit&amp;redlink=1"" class=""new"" title=""User:Mcorrens (page does not exist)"">Mcorrens</a>",https://commons.wikimedia.org/wiki/File:Iris_of_the_Human_Eye.jpg,
brightiris_commons_İris_2014-01-27_20-53_p100.jpg,Wikimedia Commons,File:İris 2014-01-27 20-53.jpg,CC BY-SA 3.0,"<a href=""//commons.wikimedia.org/w/index.php?title=User:Meddeto&amp;action=edit&amp;redlink=1"" class=""new"" title=""User:Meddeto (page does not exist)"">User:Meddeto</a>",https://commons.wikimedia.org/wiki/File:%C4%B0ris_2014-01-27_20-53.jpg,
brightiris_commons_Korwinpupil_p71.jpg,Wikimedia Commons,File:Korwinpupil.jpg,CC BY 3.0,"<a href=""//commons.wikimedia.org/wiki/User:Korwin"" class=""mw-redirect"" title=""User:Korwin"">Korwin</a>",https://commons.wikimedia.org/wiki/File:Korwinpupil.jpg,
brightiris_commons_Left_Blue_Eye_p39.jpg,Wikimedia Commons,File:Left Blue Eye.jpg,Public domain,"<a href=""//commons.wikimedia.org/wiki/User:Psychonaught"" title=""User:Psychonaught"">Psychonaught</a>",https://commons.wikimedia.org/wiki/File:Left_Blue_Eye.jpg,
brightiris_commons_Light_Blue_Eye_IMG_4057_p89.jpg,Wikimedia Commons,File:Light Blue Eye IMG 4057.JPG,FAL,"<a href=""//commons.wikimedia.org/wiki/User:Chianti"" title=""User:Chianti"">Chianti</a>",https://commons.wikimedia.org/wiki/File:Light_Blue_Eye_IMG_4057.JPG,
brightiris_commons_Light_brown_amber_eye_p100.jpg,Wikimedia Commons,File:Light brown amber eye.JPG,CC0,"<a href=""//commons.wikimedia.org/w/index.php?title=User:Samb7293&amp;action=edit&amp;redlink=1"" class=""new"" title=""User:Samb7293 (page does not exist)"">Samb7293</a>",https://commons.wikimedia.org/wiki/File:Light_brown_amber_eye.JPG,
brightiris_commons_Lins._p29.jpg,Wikimedia Commons,File:Lins..PNG,CC BY-SA 3.0,"<a href=""//commons.wikimedia.org/w/index.php?title=User:Yoshi.28&amp;action=edit&amp;redlink=1"" class=""new"" title=""User:Yoshi.28 (page does not exist)"">Yoshi.28</a>",https://commons.wikimedia.org/wiki/File:Lins..PNG,
brightiris_commons_Lisch_nodules_p99.jpg,Wikimedia Commons,File:Lisch nodules.gif,Public domain,National Eye Institute,https://commons.wikimedia.org/wiki/File:Lisch_nodules.gif,
brightiris_commons_Look_after_me_p100.jpg,Wikimedia Commons,File:Look after me.jpg,CC BY-SA 2.0 fr,"The original uploader was <a href=""https://en.wikipedia.org/wiki/fr:User:Fouziks"" class=""extiw"" title=""w:fr:User:Fouziks"">Fouziks</a> at <a href=""https://en.wikipedia.org/wiki/fr:"" class=""extiw"" title",https://commons.wikimedia.org/wiki/File:Look_after_me.jpg,
brightiris_commons_Looking_Unsplash_p84.jpg,Wikimedia Commons,File:Looking (Unsplash).jpg,CC0,"Marina Vitale <a rel=""nofollow"" class=""external text"" href=""https://unsplash.com/@marina_mv88"">marina_mv88</a>",https://commons.wikimedia.org/wiki/File:Looking_(Unsplash).jpg,
brightiris_commons_Mairead_cropped_p71.jpg,Wikimedia Commons,File:Mairead cropped.png,CC BY 2.0,Paul Savage,https://commons.wikimedia.org/wiki/File:Mairead_cropped.png,
brightiris_commons_Male_gray_eye_18554338933_p100.jpg,Wikimedia Commons,File:Male gray eye (18554338933).jpg,CC BY 2.0,"<a rel=""nofollow"" class=""external text"" href=""https://www.flickr.com/people/127297977@N05"">fredrik Andreasson</a> from Sweden",https://commons.wikimedia.org/wiki/File:Male_gray_eye_(18554338933).jpg,
brightiris_commons_My_eye_p76.jpg,Wikimedia Commons,File:My eye.jpg,Public domain,"No machine-readable author provided. <a href=""//commons.wikimedia.org/w/index.php?title=User:Gtanner~commonswiki&amp;action=edit&amp;redlink=1"" class=""new"" title=""User:Gtanner~commonswiki (page does n",https://commons.wikimedia.org/wiki/File:My_eye.jpg,
brightiris_commons_Mybluishgrayeye_p100.jpg,Wikimedia Commons,File:Mybluishgrayeye.JPG,Public domain,"<a href=""https://en.wikipedia.org/wiki/user:Nick4gwen"" class=""extiw"" title=""en:user:Nick4gwen"">en:user:Nick4gwen</a>",https://commons.wikimedia.org/wiki/File:Mybluishgrayeye.JPG,
brightiris_commons_Niebieskie_oko_p98.jpg,Wikimedia Commons,File:Niebieskie oko.jpg,CC BY-SA 3.0,"<a href=""//commons.wikimedia.org/wiki/User:IndependentOo"" title=""User:IndependentOo"">IndependentOo</a>",https://commons.wikimedia.org/wiki/File:Niebieskie_oko.jpg,"Commons Artist 필드 공란, Credit=Own work — 업로더(IndependentOo)를 저작자로 기록(2026-08-19 재조회)."
brightiris_commons_NIRIris_p99.jpg,Wikimedia Commons,File:NIRIris.png,CC BY 3.0,"<a href=""//commons.wikimedia.org/w/index.php?title=User:Smhossei&amp;action=edit&amp;redlink=1"" class=""new"" title=""User:Smhossei (page does not exist)"">Smhossei</a>",https://commons.wikimedia.org/wiki/File:NIRIris.png,
brightiris_commons_Occhio_affetto_da_mosaicismo_somatico_p100.jpg,Wikimedia Commons,File:Occhio affetto da mosaicismo somatico.jpg,CC BY-SA 4.0,"<a href=""//commons.wikimedia.org/w/index.php?title=User:Francesco_Voci&amp;action=edit&amp;redlink=1"" class=""new"" title=""User:Francesco Voci (page does not exist)"">Francesco Voci</a>",https://commons.wikimedia.org/wiki/File:Occhio_affetto_da_mosaicismo_somatico.jpg,
brightiris_commons_OcchioRickyZ_p63.jpg,Wikimedia Commons,File:OcchioRickyZ.jpg,CC BY-SA 3.0,RickyZ,https://commons.wikimedia.org/wiki/File:OcchioRickyZ.jpg,
brightiris_commons_Oeil_hétérochrome_p99.jpg,Wikimedia Commons,File:Oeil hétérochrome.jpg,CC BY-SA 4.0,"<a href=""//commons.wikimedia.org/wiki/User:Jean-Paul_Corlin"" title=""User:Jean-Paul Corlin"">Jean-Paul Corlin</a>",https://commons.wikimedia.org/wiki/File:Oeil_h%C3%A9t%C3%A9rochrome.jpg,
brightiris_commons_Oeilguix_p100.jpg,Wikimedia Commons,File:Oeilguix.jpg,CC BY-SA 3.0,"<a href=""//commons.wikimedia.org/w/index.php?title=User:GuiX&amp;action=edit&amp;redlink=1"" class=""new"" title=""User:GuiX (page does not exist)"">GuiX</a>",https://commons.wikimedia.org/wiki/File:Oeilguix.jpg,
brightiris_commons_Ojo_Azul_p100.jpg,Wikimedia Commons,File:Ojo Azul.jpg,CC BY-SA 4.0,"<a href=""//commons.wikimedia.org/wiki/User:Gons"" title=""User:Gons"">Gons</a>",https://commons.wikimedia.org/wiki/File:Ojo_Azul.jpg,
brightiris_commons_Ojo_experimentando_REM_p100.jpg,Wikimedia Commons,File:Ojo experimentando REM.jpg,CC BY-SA 3.0,"<a href=""//commons.wikimedia.org/w/index.php?title=User:Juan.maytorenab&amp;action=edit&amp;redlink=1"" class=""new"" title=""User:Juan.maytorenab (page does not exist)"">Juan.maytorenab</a>",https://commons.wikimedia.org/wiki/File:Ojo_experimentando_REM.jpg,
brightiris_commons_Ojos_azules_p100.jpg,Wikimedia Commons,File:Ojos azules.png,CC BY-SA 4.0,"<a href=""//commons.wikimedia.org/w/index.php?title=User:Pollitoloco122ich&amp;action=edit&amp;redlink=1"" class=""new"" title=""User:Pollitoloco122ich (page does not exist)"">Pollitoloco122ich</a>",https://commons.wikimedia.org/wiki/File:Ojos_azules.png,
brightiris_commons_OjoVerde_p94.jpg,Wikimedia Commons,File:OjoVerde.JPG,CC BY 2.5,"<a href=""//commons.wikimedia.org/wiki/User:ArquiWHAT"" title=""User:ArquiWHAT"">ArquiWHAT</a>",https://commons.wikimedia.org/wiki/File:OjoVerde.JPG,
brightiris_commons_OJOVIGILANTE_p96.jpg,Wikimedia Commons,File:OJOVIGILANTE.JPG,Public domain,"<a href=""//commons.wikimedia.org/wiki/User:Ximonnomix~commonswiki"" title=""User:Ximonnomix~commonswiki"">Ximonnomix~commonswiki</a>",https://commons.wikimedia.org/wiki/File:OJOVIGILANTE.JPG,Public domain이라 표시 의무는 없으나 업로더를 기록(2026-08-19 재조회).
brightiris_commons_OlhoAzul_p81.jpg,Wikimedia Commons,File:OlhoAzul.jpg,CC BY-SA 3.0,"<a href=""//commons.wikimedia.org/wiki/User:Lacobrigo"" title=""User:Lacobrigo"">Lacobrigo</a>",https://commons.wikimedia.org/wiki/File:OlhoAzul.jpg,
brightiris_commons_Ollo_02_p100.jpg,Wikimedia Commons,File:Ollo 02.jpg,CC BY 2.0,"<a rel=""nofollow"" class=""external text"" href=""https://www.flickr.com/photos/37563893@N00"">Noel Feans</a>",https://commons.wikimedia.org/wiki/File:Ollo_02.jpg,
brightiris_commons_Oog_met_twee_verschillende_kleuren1_p100.jpg,Wikimedia Commons,File:Oog met twee verschillende kleuren1.JPG,CC BY-SA 3.0,"No machine-readable author provided. <a href=""//commons.wikimedia.org/w/index.php?title=User:Lene1973&amp;action=edit&amp;redlink=1"" class=""new"" title=""User:Lene1973 (page does not exist)"">Lene1973</a",https://commons.wikimedia.org/wiki/File:Oog_met_twee_verschillende_kleuren1.JPG,
brightiris_commons_Photopupillary_reflex_p100.jpg,Wikimedia Commons,File:Photopupillary reflex.gif,CC BY-SA 4.0,"<a href=""//commons.wikimedia.org/w/index.php?title=User:01syhr&amp;action=edit&amp;redlink=1"" class=""new"" title=""User:01syhr (page does not exist)"">01syhr</a>",https://commons.wikimedia.org/wiki/File:Photopupillary_reflex.gif,
brightiris_commons_Piwne_oko_p100.jpg,Wikimedia Commons,File:Piwne oko.jpg,CC BY-SA 3.0,"<a href=""//commons.wikimedia.org/wiki/User:IndependentOo"" title=""User:IndependentOo"">IndependentOo</a>",https://commons.wikimedia.org/wiki/File:Piwne_oko.jpg,"Commons Artist 필드 공란, Credit=Own work — 업로더(IndependentOo)를 저작자로 기록(2026-08-19 재조회)."
brightiris_commons_Pupil_-_eye_p100.jpg,Wikimedia Commons,File:Pupil - eye.jpg,CC BY-SA 3.0,Mattis2412,https://commons.wikimedia.org/wiki/File:Pupil_-_eye.jpg,
brightiris_commons_Rainbow_striped_green_eye_p48.jpg,Wikimedia Commons,File:Rainbow striped green eye.jpg,CC BY 2.0,"<a rel=""nofollow"" class=""external text"" href=""https://flickr.com/people/33037761@N07"">courtney murray rhodes</a>",https://commons.wikimedia.org/wiki/File:Rainbow_striped_green_eye.jpg,
brightiris_commons_Ray_eye_p100.jpg,Wikimedia Commons,File:Ray eye.jpg,CC BY 3.0,"<a href=""//commons.wikimedia.org/wiki/User:Ray_eye"" class=""mw-redirect"" title=""User:Ray eye"">Ray eye</a>",https://commons.wikimedia.org/wiki/File:Ray_eye.jpg,
brightiris_commons_Righteyegreen_p77.jpg,Wikimedia Commons,File:Righteyegreen.jpg,CC BY 2.5 au,"<a href=""//commons.wikimedia.org/w/index.php?title=User:Sare963&amp;action=edit&amp;redlink=1"" class=""new"" title=""User:Sare963 (page does not exist)"">Sare963</a> Sarah Illes",https://commons.wikimedia.org/wiki/File:Righteyegreen.jpg,
brightiris_commons_Rkinch_persistent_pupillary_membrane_p100.jpg,Wikimedia Commons,File:Rkinch persistent pupillary membrane.jpg,CC BY-SA 3.0,"Richard J Kinch kinch@truetex.com / <a href=""https://en.wikipedia.org/wiki/User:Rkinch"" class=""extiw"" title=""en:User:Rkinch"">Rkinch</a> at <a class=""external text"" data-mw-original-href=""http://en.wik",https://commons.wikimedia.org/wiki/File:Rkinch_persistent_pupillary_membrane.jpg,
brightiris_commons_Rožnica_p100.jpg,Wikimedia Commons,File:Rožnica.jpg,CC BY-SA 3.0,"<a href=""//commons.wikimedia.org/w/index.php?title=User:PFrankoZ&amp;action=edit&amp;redlink=1"" class=""new"" title=""User:PFrankoZ (page does not exist)"">PFrankoZ</a>",https://commons.wikimedia.org/wiki/File:Ro%C5%BEnica.jpg,
brightiris_commons_Sign_language_alphabet_13_p98.jpg,Wikimedia Commons,File:Sign language alphabet (13).jpg,CC BY-SA 4.0,"<a href=""//commons.wikimedia.org/w/index.php?title=User:Raziakhatun12&amp;action=edit&amp;redlink=1"" class=""new"" title=""User:Raziakhatun12 (page does not exist)"">Raziakhatun12</a>",https://commons.wikimedia.org/wiki/File:Sign_language_alphabet_(13).jpg,
brightiris_commons_Silmä_-_jotain_-_B-cropped_p88.jpg,Wikimedia Commons,File:Silmä - jotain - B-cropped.jpg,CC BY-SA 3.0,"Mikko Saarinen - <a href=""//commons.wikimedia.org/w/index.php?title=User:Ultimatum0&amp;action=edit&amp;redlink=1"" class=""new"" title=""User:Ultimatum0 (page does not exist)"">Ultimatum0</a>",https://commons.wikimedia.org/wiki/File:Silm%C3%A4_-_jotain_-_B-cropped.jpg,
brightiris_commons_Spanishhazeleye_p99.jpg,Wikimedia Commons,File:Spanishhazeleye.JPG,CC BY-SA 3.0,"<a href=""//commons.wikimedia.org/w/index.php?title=User:Rrraaammmooonnn&amp;action=edit&amp;redlink=1"" class=""new"" title=""User:Rrraaammmooonnn (page does not exist)"">Rrraaammmooonnn</a>",https://commons.wikimedia.org/wiki/File:Spanishhazeleye.JPG,
brightiris_commons_Spanishhazeleyeje_p99.jpg,Wikimedia Commons,File:Spanishhazeleyeje.JPG,CC BY-SA 3.0,"<a href=""//commons.wikimedia.org/w/index.php?title=User:Rrraaammmooonnn91&amp;action=edit&amp;redlink=1"" class=""new"" title=""User:Rrraaammmooonnn91 (page does not exist)"">Rrraaammmooonnn91</a>",https://commons.wikimedia.org/wiki/File:Spanishhazeleyeje.JPG,
brightiris_commons_Spojivka_popis_p42.jpg,Wikimedia Commons,File:Spojivka popis.jpg,Public domain,"No machine-readable author provided. <a href=""//commons.wikimedia.org/w/index.php?title=User:Bomber62&amp;action=edit&amp;redlink=1"" class=""new"" title=""User:Bomber62 (page does not exist)"">Bomber62</a",https://commons.wikimedia.org/wiki/File:Spojivka_popis.jpg,
brightiris_commons_Ull2_p100.jpg,Wikimedia Commons,File:Ull2.jpg,CC BY-SA 3.0,"<a href=""//commons.wikimedia.org/wiki/User:Fajardoalacant"" title=""User:Fajardoalacant"">Fajardoalacant</a>",https://commons.wikimedia.org/wiki/File:Ull2.jpg,
brightiris_commons_Апельсин_-_радужка_ирины_p100.jpg,Wikimedia Commons,File:Апельсин - радужка ирины.jpg,CC BY-SA 4.0,"<a href=""//commons.wikimedia.org/w/index.php?title=User:Frijasswa&amp;action=edit&amp;redlink=1"" class=""new"" title=""User:Frijasswa (page does not exist)"">(frijasswa)</a>",https://commons.wikimedia.org/wiki/File:%D0%90%D0%BF%D0%B5%D0%BB%D1%8C%D1%81%D0%B8%D0%BD_-_%D1%80%D0%B0%D0%B4%D1%83%D0%B6%D0%BA%D0%B0_%D0%B8%D1%80%D0%B8%D0%BD%D1%8B.jpg,
brightiris_commons_Глаза_цветом_моря_p100.jpg,Wikimedia Commons,File:Глаза цветом моря.jpg,CC BY 4.0,"<a href=""//commons.wikimedia.org/w/index.php?title=User:Petrovalera16&amp;action=edit&amp;redlink=1"" class=""new"" title=""User:Petrovalera16 (page does not exist)"">Petrovalera16</a>",https://commons.wikimedia.org/wiki/File:%D0%93%D0%BB%D0%B0%D0%B7%D0%B0_%D1%86%D0%B2%D0%B5%D1%82%D0%BE%D0%BC_%D0%BC%D0%BE%D1%80%D1%8F.jpg,
brightiris_commons_Голубой_глаз_p100.jpg,Wikimedia Commons,File:Голубой глаз.jpg,CC BY 4.0,"<a href=""//commons.wikimedia.org/wiki/User:Troncap"" title=""User:Troncap"">troncap</a>",https://commons.wikimedia.org/wiki/File:%D0%93%D0%BE%D0%BB%D1%83%D0%B1%D0%BE%D0%B9_%D0%B3%D0%BB%D0%B0%D0%B7.jpg,
brightiris_commons_Карьер_-_радужка_ольги_p100.jpg,Wikimedia Commons,File:Карьер - радужка ольги.jpg,CC BY-SA 4.0,"<a href=""//commons.wikimedia.org/w/index.php?title=User:Frijasswa&amp;action=edit&amp;redlink=1"" class=""new"" title=""User:Frijasswa (page does not exist)"">(frijasswa)</a>",https://commons.wikimedia.org/wiki/File:%D0%9A%D0%B0%D1%80%D1%8C%D0%B5%D1%80_-_%D1%80%D0%B0%D0%B4%D1%83%D0%B6%D0%BA%D0%B0_%D0%BE%D0%BB%D1%8C%D0%B3%D0%B8.jpg,
brightiris_commons_Космос_в_глазах_CC-BY-SA_4.0_p100.jpg,Wikimedia Commons,File:Космос в глазах CC-BY-SA 4.0.jpg,CC BY-SA 4.0,"<a href=""//commons.wikimedia.org/w/index.php?title=User:Mikhina_Aangelina&amp;action=edit&amp;redlink=1"" class=""new"" title=""User:Mikhina Aangelina (page does not exist)"">Mikhina Angelina</a>",https://commons.wikimedia.org/wiki/File:%D0%9A%D0%BE%D1%81%D0%BC%D0%BE%D1%81_%D0%B2_%D0%B3%D0%BB%D0%B0%D0%B7%D0%B0%D1%85_CC-BY-SA_4.0.jpg,
brightiris_commons_Метеорит_-_радужка_идеи_p100.jpg,Wikimedia Commons,File:Метеорит - радужка идеи.jpg,CC BY-SA 4.0,"<a href=""//commons.wikimedia.org/w/index.php?title=User:Frijasswa&amp;action=edit&amp;redlink=1"" class=""new"" title=""User:Frijasswa (page does not exist)"">(frijasswa)</a>",https://commons.wikimedia.org/wiki/File:%D0%9C%D0%B5%D1%82%D0%B5%D0%BE%D1%80%D0%B8%D1%82_-_%D1%80%D0%B0%D0%B4%D1%83%D0%B6%D0%BA%D0%B0_%D0%B8%D0%B4%D0%B5%D0%B8.jpg,
brightiris_commons_Небо_-_радужка_валерия_p100.jpg,Wikimedia Commons,File:Небо - радужка валерия.jpg,CC BY-SA 4.0,"<a href=""//commons.wikimedia.org/w/index.php?title=User:Frijasswa&amp;action=edit&amp;redlink=1"" class=""new"" title=""User:Frijasswa (page does not exist)"">(frijasswa)</a>",https://commons.wikimedia.org/wiki/File:%D0%9D%D0%B5%D0%B1%D0%BE_-_%D1%80%D0%B0%D0%B4%D1%83%D0%B6%D0%BA%D0%B0_%D0%B2%D0%B0%D0%BB%D0%B5%D1%80%D0%B8%D1%8F.jpg,
brightiris_commons_Океан_-_радужка_ксении_p100.jpg,Wikimedia Commons,File:Океан - радужка ксении.jpg,CC BY-SA 4.0,"<a href=""//commons.wikimedia.org/w/index.php?title=User:Frijasswa&amp;action=edit&amp;redlink=1"" class=""new"" title=""User:Frijasswa (page does not exist)"">(frijasswa)</a>",https://commons.wikimedia.org/wiki/File:%D0%9E%D0%BA%D0%B5%D0%B0%D0%BD_-_%D1%80%D0%B0%D0%B4%D1%83%D0%B6%D0%BA%D0%B0_%D0%BA%D1%81%D0%B5%D0%BD%D0%B8%D0%B8.jpg,
brightiris_commons_Песок_-_радужка_ивана_p100.jpg,Wikimedia Commons,File:Песок - радужка ивана.jpg,CC BY-SA 4.0,"<a href=""//commons.wikimedia.org/w/index.php?title=User:Frijasswa&amp;action=edit&amp;redlink=1"" class=""new"" title=""User:Frijasswa (page does not exist)"">(frijasswa)</a>",https://commons.wikimedia.org/wiki/File:%D0%9F%D0%B5%D1%81%D0%BE%D0%BA_-_%D1%80%D0%B0%D0%B4%D1%83%D0%B6%D0%BA%D0%B0_%D0%B8%D0%B2%D0%B0%D0%BD%D0%B0.jpg,
brightiris_commons_Планета_земля_-_радужка_елены_p100.jpg,Wikimedia Commons,File:Планета земля - радужка елены.jpg,CC BY-SA 4.0,"<a href=""//commons.wikimedia.org/w/index.php?title=User:Frijasswa&amp;action=edit&amp;redlink=1"" class=""new"" title=""User:Frijasswa (page does not exist)"">(frijasswa)</a>",https://commons.wikimedia.org/wiki/File:%D0%9F%D0%BB%D0%B0%D0%BD%D0%B5%D1%82%D0%B0_%D0%B7%D0%B5%D0%BC%D0%BB%D1%8F_-_%D1%80%D0%B0%D0%B4%D1%83%D0%B6%D0%BA%D0%B0_%D0%B5%D0%BB%D0%B5%D0%BD%D1%8B.jpg,
brightiris_commons_Подвывих_хрусталика_глаза_у_пациента_с_синдромом_Марфана_p100.jpg,Wikimedia Commons,File:Подвывих хрусталика глаза у пациента с синдромом Марфана.jpg,CC BY 4.0,"<a href=""//commons.wikimedia.org/w/index.php?title=User:Veselkovamaria&amp;action=edit&amp;redlink=1"" class=""new"" title=""User:Veselkovamaria (page does not exist)"">Veselkovamaria</a>",https://commons.wikimedia.org/wiki/File:%D0%9F%D0%BE%D0%B4%D0%B2%D1%8B%D0%B2%D0%B8%D1%85_%D1%85%D1%80%D1%83%D1%81%D1%82%D0%B0%D0%BB%D0%B8%D0%BA%D0%B0_%D0%B3%D0%BB%D0%B0%D0%B7%D0%B0_%D1%83_%D0%BF%D0%B0%D1%86%D0%B8%D0%B5%D0%BD%D1%82%D0%B0_%D1%81_%D1%81%D0%B8%D0%BD%D0%B4%D1%80%D0%BE%D0%BC%D0%BE%D0%BC_%D0%9C%D0%B0%D1%80%D1%84%D0%B0%D0%BD%D0%B0.jpg,
brightiris_commons_Структура_на_око_p100.jpg,Wikimedia Commons,File:Структура на око.jpg,CC BY 4.0,"<a href=""//commons.wikimedia.org/w/index.php?title=User:Iskra22&amp;action=edit&amp;redlink=1"" class=""new"" title=""User:Iskra22 (page does not exist)"">Iskra22</a>",https://commons.wikimedia.org/wiki/File:%D0%A1%D1%82%D1%80%D1%83%D0%BA%D1%82%D1%83%D1%80%D0%B0_%D0%BD%D0%B0_%D0%BE%D0%BA%D0%BE.jpg,
