filename,category,title,author,license,source_page,file_url
buildings_000_File_windows_iPhone_cover_cc_8974579599.jpg,Category:Buildings,"File:""windows"" (iPhone cover cc) (8974579599).jpg","Martin Fisch from Wiesbaden, Germany",CC BY-SA 2.0,https://commons.wikimedia.org/wiki/File%3A%22windows%22_%28iPhone_cover_cc%29_%288974579599%29.jpg,https://thumb.wikimedia.org/wikipedia/commons/thumb/d/d3/%22windows%22_%28iPhone_cover_cc%29_%288974579599%29.jpg/960px-%22windows%22_%28iPhone_cover_cc%29_%288974579599%29.jpg?utm_source=commons.wikimedia.org&utm_campaign=imageinfo&utm_content=thumbnail
buildings_001_File_111_South_Wacker_Drive.jpg,Category:Buildings,File:111 South Wacker Drive.jpg,Potro,CC BY-SA 4.0,https://commons.wikimedia.org/wiki/File%3A111_South_Wacker_Drive.jpg,https://upload.wikimedia.org/wikipedia/commons/5/5e/111_South_Wacker_Drive.jpg?utm_source=commons.wikimedia.org&utm_campaign=imageinfo&utm_content=thumbnail_unscaled
buildings_002_File_15401_20251201_1649500t.jpg,Category:Buildings,File:15401 20251201 1649500t.jpg,Аукцион,Public domain,https://commons.wikimedia.org/wiki/File%3A15401_20251201_1649500t.jpg,https://upload.wikimedia.org/wikipedia/commons/b/ba/15401_20251201_1649500t.jpg?utm_source=commons.wikimedia.org&utm_campaign=imageinfo&utm_content=thumbnail_unscaled
buildings_003_File_2003_09_21_Best_of_Musical_006_51027793393.jpg,Category:Buildings,File:2003 09 21 Best of Musical 006 (51027793393).jpg,"János Korom Dr. &gt;17 Million views from Wien, Austria",CC BY-SA 2.0,https://commons.wikimedia.org/wiki/File%3A2003_09_21_Best_of_Musical_006_%2851027793393%29.jpg,https://thumb.wikimedia.org/wikipedia/commons/thumb/6/60/2003_09_21_Best_of_Musical_006_%2851027793393%29.jpg/960px-2003_09_21_Best_of_Musical_006_%2851027793393%29.jpg?utm_source=commons.wikimedia.org&utm_campaign=imageinfo&utm_content=thumbnail
buildings_004_File_20V_Health_3A.jpg,Category:Buildings,File:20V-Health-3A.jpg,Photographer from Concept3D,CC BY-SA 4.0,https://commons.wikimedia.org/wiki/File%3A20V-Health-3A.jpg,https://thumb.wikimedia.org/wikipedia/commons/thumb/5/5d/20V-Health-3A.jpg/960px-20V-Health-3A.jpg?utm_source=commons.wikimedia.org&utm_campaign=imageinfo&utm_content=thumbnail
buildings_005_File_345688mo.jpg,Category:Buildings,File:345688mo.jpg,Sidharthan varkkala,CC BY-SA 4.0,https://commons.wikimedia.org/wiki/File%3A345688mo.jpg,https://upload.wikimedia.org/wikipedia/commons/9/97/345688mo.jpg?utm_source=commons.wikimedia.org&utm_campaign=imageinfo&utm_content=thumbnail_unscaled
buildings_006_File_35_East_Wacker_Drive.jpg,Category:Buildings,File:35 East Wacker Drive.jpg,Potro,CC BY-SA 4.0,https://commons.wikimedia.org/wiki/File%3A35_East_Wacker_Drive.jpg,https://thumb.wikimedia.org/wikipedia/commons/thumb/f/f6/35_East_Wacker_Drive.jpg/960px-35_East_Wacker_Drive.jpg?utm_source=commons.wikimedia.org&utm_campaign=imageinfo&utm_content=thumbnail
buildings_007_File_38_Delegacia_de_Pol_cia_de_Vicente_Pires.jpg,Category:Buildings,File:38ª Delegacia de Polícia de Vicente Pires.jpg,Isabela Nunes Torres,CC BY-SA 4.0,https://commons.wikimedia.org/wiki/File%3A38%C2%AA_Delegacia_de_Pol%C3%ADcia_de_Vicente_Pires.jpg,https://thumb.wikimedia.org/wikipedia/commons/thumb/7/7d/38%C2%AA_Delegacia_de_Pol%C3%ADcia_de_Vicente_Pires.jpg/960px-38%C2%AA_Delegacia_de_Pol%C3%ADcia_de_Vicente_Pires.jpg?utm_source=commons.wikimedia.org&utm_campaign=imageinfo&utm_content=thumbnail
buildings_008_File_38_Delegacia_de_Pol_cia_em_Vicente_Pires.jpg,Category:Buildings,File:38ª Delegacia de Polícia em Vicente Pires.jpg,Isabela Nunes Torres,CC BY-SA 4.0,https://commons.wikimedia.org/wiki/File%3A38%C2%AA_Delegacia_de_Pol%C3%ADcia_em_Vicente_Pires.jpg,https://thumb.wikimedia.org/wikipedia/commons/thumb/a/a2/38%C2%AA_Delegacia_de_Pol%C3%ADcia_em_Vicente_Pires.jpg/960px-38%C2%AA_Delegacia_de_Pol%C3%ADcia_em_Vicente_Pires.jpg?utm_source=commons.wikimedia.org&utm_campaign=imageinfo&utm_content=thumbnail
buildings_009_File_435822849_96722_min.jpg,Category:Buildings,File:435822849 96722-min.jpg,Zand University,CC BY-SA 4.0,https://commons.wikimedia.org/wiki/File%3A435822849_96722-min.jpg,https://thumb.wikimedia.org/wikipedia/commons/thumb/e/e7/435822849_96722-min.jpg/960px-435822849_96722-min.jpg?utm_source=commons.wikimedia.org&utm_campaign=imageinfo&utm_content=thumbnail
buildings_010_File_752_Marine_Drive.jpg,Category:Buildings,File:752 Marine Drive.jpg,PhillipAshley3,CC BY-SA 4.0,https://commons.wikimedia.org/wiki/File%3A752_Marine_Drive.jpg,https://upload.wikimedia.org/wikipedia/commons/5/53/752_Marine_Drive.jpg?utm_source=commons.wikimedia.org&utm_campaign=imageinfo&utm_content=thumbnail_unscaled
buildings_011_File_77_West_Wacker_Drive.jpg,Category:Buildings,File:77 West Wacker Drive.jpg,Potro,CC BY-SA 4.0,https://commons.wikimedia.org/wiki/File%3A77_West_Wacker_Drive.jpg,https://thumb.wikimedia.org/wikipedia/commons/thumb/7/79/77_West_Wacker_Drive.jpg/960px-77_West_Wacker_Drive.jpg?utm_source=commons.wikimedia.org&utm_campaign=imageinfo&utm_content=thumbnail
buildings_012_File_A_building_in_Yankari_Game_Reserve_01.jpg,Category:Buildings,File:A building in Yankari Game Reserve 01.jpg,Kambai Akau,CC BY-SA 4.0,https://commons.wikimedia.org/wiki/File%3AA_building_in_Yankari_Game_Reserve_01.jpg,https://thumb.wikimedia.org/wikipedia/commons/thumb/8/8b/A_building_in_Yankari_Game_Reserve_01.jpg/960px-A_building_in_Yankari_Game_Reserve_01.jpg?utm_source=commons.wikimedia.org&utm_campaign=imageinfo&utm_content=thumbnail
buildings_013_File_A_J_sika_kast_ly.jpg,Category:Buildings,File:A Jósika kastély.jpg,Unknown authorUnknown author,Public domain,https://commons.wikimedia.org/wiki/File%3AA_J%C3%B3sika_kast%C3%A9ly.jpg,https://upload.wikimedia.org/wikipedia/commons/3/35/A_J%C3%B3sika_kast%C3%A9ly.jpg?utm_source=commons.wikimedia.org&utm_campaign=imageinfo&utm_content=thumbnail_unscaled
landscapes_000_File_147062_kibbutz_beit_arava_area_PikiWiki_Israe.jpg,Category:Landscapes,File:147062 kibbutz beit arava area PikiWiki Israel.jpg,רוני קניגסברג,CC BY 2.5,https://commons.wikimedia.org/wiki/File%3A147062_kibbutz_beit_arava_area_PikiWiki_Israel.jpg,https://thumb.wikimedia.org/wikipedia/commons/thumb/d/da/147062_kibbutz_beit_arava_area_PikiWiki_Israel.jpg/960px-147062_kibbutz_beit_arava_area_PikiWiki_Israel.jpg?utm_source=commons.wikimedia.org&utm_campaign=imageinfo&utm_content=thumbnail
landscapes_001_File_147067_kibbutz_beit_arava_surroundings_dead_s.jpg,Category:Landscapes,File:147067 kibbutz beit arava surroundings - dead sea PikiWiki Israel.jpg,רוני קניגסברג,CC BY 2.5,https://commons.wikimedia.org/wiki/File%3A147067_kibbutz_beit_arava_surroundings_-_dead_sea_PikiWiki_Israel.jpg,https://thumb.wikimedia.org/wikipedia/commons/thumb/6/6e/147067_kibbutz_beit_arava_surroundings_-_dead_sea_PikiWiki_Israel.jpg/960px-147067_kibbutz_beit_arava_surroundings_-_dead_sea_PikiWiki_Israel.jpg?utm_source=commons.wikimedia.org&utm_campaign=imageinfo&utm_content=thumbnail
landscapes_002_File_147068_kibbutz_beit_arava_surroundings_dead_s.jpg,Category:Landscapes,File:147068 kibbutz beit arava surroundings - dead sea PikiWiki Israel.jpg,רוני קניגסברג,CC BY 2.5,https://commons.wikimedia.org/wiki/File%3A147068_kibbutz_beit_arava_surroundings_-_dead_sea_PikiWiki_Israel.jpg,https://thumb.wikimedia.org/wikipedia/commons/thumb/b/b4/147068_kibbutz_beit_arava_surroundings_-_dead_sea_PikiWiki_Israel.jpg/960px-147068_kibbutz_beit_arava_surroundings_-_dead_sea_PikiWiki_Israel.jpg?utm_source=commons.wikimedia.org&utm_campaign=imageinfo&utm_content=thumbnail
landscapes_003_File_147376_kibbutz_beit_arava_area_PikiWiki_Israe.jpg,Category:Landscapes,File:147376 kibbutz beit arava area PikiWiki Israel.jpg,רוני קניגסברג,CC BY 2.5,https://commons.wikimedia.org/wiki/File%3A147376_kibbutz_beit_arava_area_PikiWiki_Israel.jpg,https://thumb.wikimedia.org/wikipedia/commons/thumb/6/6f/147376_kibbutz_beit_arava_area_PikiWiki_Israel.jpg/960px-147376_kibbutz_beit_arava_area_PikiWiki_Israel.jpg?utm_source=commons.wikimedia.org&utm_campaign=imageinfo&utm_content=thumbnail
landscapes_004_File_147377_kibbutz_beit_arava_area_drilling_point.jpg,Category:Landscapes,File:147377 kibbutz beit arava area - drilling point PikiWiki Israel.jpg,רוני קניגסברג,CC BY 2.5,https://commons.wikimedia.org/wiki/File%3A147377_kibbutz_beit_arava_area_-_drilling_point_PikiWiki_Israel.jpg,https://thumb.wikimedia.org/wikipedia/commons/thumb/3/32/147377_kibbutz_beit_arava_area_-_drilling_point_PikiWiki_Israel.jpg/960px-147377_kibbutz_beit_arava_area_-_drilling_point_PikiWiki_Israel.jpg?utm_source=commons.wikimedia.org&utm_campaign=imageinfo&utm_content=thumbnail
landscapes_005_File_147379_kibbutz_beit_arava_area_persimmon_farm.jpg,Category:Landscapes,File:147379 kibbutz beit arava area - persimmon farm PikiWiki Israel.jpg,רוני קניגסברג,CC BY 2.5,https://commons.wikimedia.org/wiki/File%3A147379_kibbutz_beit_arava_area_-_persimmon_farm_PikiWiki_Israel.jpg,https://thumb.wikimedia.org/wikipedia/commons/thumb/4/42/147379_kibbutz_beit_arava_area_-_persimmon_farm_PikiWiki_Israel.jpg/960px-147379_kibbutz_beit_arava_area_-_persimmon_farm_PikiWiki_Israel.jpg?utm_source=commons.wikimedia.org&utm_campaign=imageinfo&utm_content=thumbnail
landscapes_006_File_147382_kibbutz_beit_arava_area_PikiWiki_Israe.jpg,Category:Landscapes,File:147382 kibbutz beit arava area PikiWiki Israel.jpg,רוני קניגסברג,CC BY 2.5,https://commons.wikimedia.org/wiki/File%3A147382_kibbutz_beit_arava_area_PikiWiki_Israel.jpg,https://thumb.wikimedia.org/wikipedia/commons/thumb/c/ca/147382_kibbutz_beit_arava_area_PikiWiki_Israel.jpg/960px-147382_kibbutz_beit_arava_area_PikiWiki_Israel.jpg?utm_source=commons.wikimedia.org&utm_campaign=imageinfo&utm_content=thumbnail
landscapes_007_File_147870_dor_beach_PikiWiki_Israel.jpg,Category:Landscapes,File:147870 dor beach PikiWiki Israel.jpg,רוני קניגסברג,CC BY 2.5,https://commons.wikimedia.org/wiki/File%3A147870_dor_beach_PikiWiki_Israel.jpg,https://thumb.wikimedia.org/wikipedia/commons/thumb/5/51/147870_dor_beach_PikiWiki_Israel.jpg/960px-147870_dor_beach_PikiWiki_Israel.jpg?utm_source=commons.wikimedia.org&utm_campaign=imageinfo&utm_content=thumbnail
landscapes_008_File_147871_dor_beach_PikiWiki_Israel.jpg,Category:Landscapes,File:147871 dor beach PikiWiki Israel.jpg,רוני קניגסברג,CC BY 2.5,https://commons.wikimedia.org/wiki/File%3A147871_dor_beach_PikiWiki_Israel.jpg,https://thumb.wikimedia.org/wikipedia/commons/thumb/5/56/147871_dor_beach_PikiWiki_Israel.jpg/960px-147871_dor_beach_PikiWiki_Israel.jpg?utm_source=commons.wikimedia.org&utm_campaign=imageinfo&utm_content=thumbnail
landscapes_009_File_147872_dor_beach_PikiWiki_Israel.jpg,Category:Landscapes,File:147872 dor beach PikiWiki Israel.jpg,רוני קניגסברג,CC BY 2.5,https://commons.wikimedia.org/wiki/File%3A147872_dor_beach_PikiWiki_Israel.jpg,https://thumb.wikimedia.org/wikipedia/commons/thumb/5/56/147872_dor_beach_PikiWiki_Israel.jpg/960px-147872_dor_beach_PikiWiki_Israel.jpg?utm_source=commons.wikimedia.org&utm_campaign=imageinfo&utm_content=thumbnail
landscapes_010_File_147873_dor_beach_PikiWiki_Israel.jpg,Category:Landscapes,File:147873 dor beach PikiWiki Israel.jpg,רוני קניגסברג,CC BY 2.5,https://commons.wikimedia.org/wiki/File%3A147873_dor_beach_PikiWiki_Israel.jpg,https://thumb.wikimedia.org/wikipedia/commons/thumb/3/3e/147873_dor_beach_PikiWiki_Israel.jpg/960px-147873_dor_beach_PikiWiki_Israel.jpg?utm_source=commons.wikimedia.org&utm_campaign=imageinfo&utm_content=thumbnail
landscapes_011_File_147874_dor_beach_PikiWiki_Israel.jpg,Category:Landscapes,File:147874 dor beach PikiWiki Israel.jpg,רוני קניגסברג,CC BY 2.5,https://commons.wikimedia.org/wiki/File%3A147874_dor_beach_PikiWiki_Israel.jpg,https://thumb.wikimedia.org/wikipedia/commons/thumb/a/a5/147874_dor_beach_PikiWiki_Israel.jpg/960px-147874_dor_beach_PikiWiki_Israel.jpg?utm_source=commons.wikimedia.org&utm_campaign=imageinfo&utm_content=thumbnail
landscapes_012_File_147875_dor_beach_PikiWiki_Israel.jpg,Category:Landscapes,File:147875 dor beach PikiWiki Israel.jpg,רוני קניגסברג,CC BY 2.5,https://commons.wikimedia.org/wiki/File%3A147875_dor_beach_PikiWiki_Israel.jpg,https://thumb.wikimedia.org/wikipedia/commons/thumb/9/9c/147875_dor_beach_PikiWiki_Israel.jpg/960px-147875_dor_beach_PikiWiki_Israel.jpg?utm_source=commons.wikimedia.org&utm_campaign=imageinfo&utm_content=thumbnail
landscapes_013_File_147876_dor_beach_PikiWiki_Israel.jpg,Category:Landscapes,File:147876 dor beach PikiWiki Israel.jpg,רוני קניגסברג,CC BY 2.5,https://commons.wikimedia.org/wiki/File%3A147876_dor_beach_PikiWiki_Israel.jpg,https://thumb.wikimedia.org/wikipedia/commons/thumb/2/23/147876_dor_beach_PikiWiki_Israel.jpg/960px-147876_dor_beach_PikiWiki_Israel.jpg?utm_source=commons.wikimedia.org&utm_campaign=imageinfo&utm_content=thumbnail
food_000_File_2014_07_03_13_56_10_Locos_Mayo.jpg,Category:Food,File:2014-07-03 13.56.10 Locos Mayo.jpg,Kely Ruz,CC BY-SA 4.0,https://commons.wikimedia.org/wiki/File%3A2014-07-03_13.56.10_Locos_Mayo.jpg,https://thumb.wikimedia.org/wikipedia/commons/thumb/2/2c/2014-07-03_13.56.10_Locos_Mayo.jpg/960px-2014-07-03_13.56.10_Locos_Mayo.jpg?utm_source=commons.wikimedia.org&utm_campaign=imageinfo&utm_content=thumbnail
food_001_File_20190725_WA0002.jpg,Category:Food,File:20190725-WA0002.jpg,ESSOUMAN MARTIN SALVADO,CC BY-SA 4.0,https://commons.wikimedia.org/wiki/File%3A20190725-WA0002.jpg,https://upload.wikimedia.org/wikipedia/commons/c/ce/20190725-WA0002.jpg?utm_source=commons.wikimedia.org&utm_campaign=imageinfo&utm_content=thumbnail_unscaled
food_002_File_20211128_WA0110.jpg,Category:Food,File:20211128-WA0110.jpg,ESSOUMAN MARTIN SALVADO,CC BY-SA 4.0,https://commons.wikimedia.org/wiki/File%3A20211128-WA0110.jpg,https://thumb.wikimedia.org/wikipedia/commons/thumb/7/7b/20211128-WA0110.jpg/960px-20211128-WA0110.jpg?utm_source=commons.wikimedia.org&utm_campaign=imageinfo&utm_content=thumbnail
food_003_File_Agricultura_en_Casa_2.jpg,Category:Food,File:Agricultura en Casa.2.jpg,CCPE Rosario,CC BY-SA 4.0,https://commons.wikimedia.org/wiki/File%3AAgricultura_en_Casa.2.jpg,https://thumb.wikimedia.org/wikipedia/commons/thumb/a/a6/Agricultura_en_Casa.2.jpg/960px-Agricultura_en_Casa.2.jpg?utm_source=commons.wikimedia.org&utm_campaign=imageinfo&utm_content=thumbnail
food_004_File_AgriculturaUrbana_18_3964.jpg,Category:Food,File:AgriculturaUrbana-18 3964.jpg,CCPE Rosario,CC BY-SA 4.0,https://commons.wikimedia.org/wiki/File%3AAgriculturaUrbana-18_3964.jpg,https://thumb.wikimedia.org/wikipedia/commons/thumb/9/9e/AgriculturaUrbana-18_3964.jpg/960px-AgriculturaUrbana-18_3964.jpg?utm_source=commons.wikimedia.org&utm_campaign=imageinfo&utm_content=thumbnail
food_005_File_Aneka_Makanan_Enak_di_Tempa.jpg,Category:Food,File:Aneka Makanan Enak di Tempa.jpg,Naylafz,CC BY-SA 4.0,https://commons.wikimedia.org/wiki/File%3AAneka_Makanan_Enak_di_Tempa.jpg,https://thumb.wikimedia.org/wikipedia/commons/thumb/b/b4/Aneka_Makanan_Enak_di_Tempa.jpg/960px-Aneka_Makanan_Enak_di_Tempa.jpg?utm_source=commons.wikimedia.org&utm_campaign=imageinfo&utm_content=thumbnail
food_006_File_Bandeja_de_comida_t_pica_Panam.jpg,Category:Food,File:Bandeja de comida típica Panamá.jpg,Angie.rx25,CC BY-SA 4.0,https://commons.wikimedia.org/wiki/File%3ABandeja_de_comida_t%C3%ADpica_Panam%C3%A1.jpg,https://thumb.wikimedia.org/wikipedia/commons/thumb/d/da/Bandeja_de_comida_t%C3%ADpica_Panam%C3%A1.jpg/960px-Bandeja_de_comida_t%C3%ADpica_Panam%C3%A1.jpg?utm_source=commons.wikimedia.org&utm_campaign=imageinfo&utm_content=thumbnail
food_007_File_BANTAYAN_ISLAND.jpg,Category:Food,File:BANTAYAN ISLAND.jpg,Seallynnjay,CC BY-SA 4.0,https://commons.wikimedia.org/wiki/File%3ABANTAYAN_ISLAND.jpg,https://thumb.wikimedia.org/wikipedia/commons/thumb/9/98/BANTAYAN_ISLAND.jpg/960px-BANTAYAN_ISLAND.jpg?utm_source=commons.wikimedia.org&utm_campaign=imageinfo&utm_content=thumbnail
food_008_File_Bay_sach_chrouk.jpg,Category:Food,File:Bay sach chrouk.jpg,Mingjang Teang,CC BY-SA 4.0,https://commons.wikimedia.org/wiki/File%3ABay_sach_chrouk.jpg,https://thumb.wikimedia.org/wikipedia/commons/thumb/1/15/Bay_sach_chrouk.jpg/960px-Bay_sach_chrouk.jpg?utm_source=commons.wikimedia.org&utm_campaign=imageinfo&utm_content=thumbnail
food_009_File_Cafeteria_CEDEL_en_la_Semana_Criolla_del_Prad.jpg,Category:Food,File:Cafeteria CEDEL en la Semana Criolla del Prado 2023 - 20230406dicimouysm0109.jpg,,CC BY-SA 4.0,https://commons.wikimedia.org/wiki/File%3ACafeteria_CEDEL_en_la_Semana_Criolla_del_Prado_2023_-_20230406dicimouysm0109.jpg,https://thumb.wikimedia.org/wikipedia/commons/thumb/3/3c/Cafeteria_CEDEL_en_la_Semana_Criolla_del_Prado_2023_-_20230406dicimouysm0109.jpg/960px-Cafeteria_CEDEL_en_la_Semana_Criolla_del_Prado_2023_-_20230406dicimouysm0109.jpg?utm_source=commons.wikimedia.org&utm_campaign=imageinfo&utm_content=thumbnail
food_010_File_CerealClingFilmFridge.jpg,Category:Food,File:CerealClingFilmFridge.jpg,Xx-AM3R-xX,CC0,https://commons.wikimedia.org/wiki/File%3ACerealClingFilmFridge.jpg,https://thumb.wikimedia.org/wikipedia/commons/thumb/b/bb/CerealClingFilmFridge.jpg/960px-CerealClingFilmFridge.jpg?utm_source=commons.wikimedia.org&utm_campaign=imageinfo&utm_content=thumbnail
food_011_File_Christmas_Party_food_and_drinks_17_12_2015.jpg,Category:Food,File:Christmas Party food and drinks 17-12-2015.jpg,LN9267,CC BY-SA 4.0,https://commons.wikimedia.org/wiki/File%3AChristmas_Party_food_and_drinks_17-12-2015.jpg,https://thumb.wikimedia.org/wikipedia/commons/thumb/1/14/Christmas_Party_food_and_drinks_17-12-2015.jpg/960px-Christmas_Party_food_and_drinks_17-12-2015.jpg?utm_source=commons.wikimedia.org&utm_campaign=imageinfo&utm_content=thumbnail
food_012_File_Denain_Grand_Prix_de_Denain_24_mars_2019_E01.jpg,Category:Food,"File:Denain - Grand Prix de Denain, 24 mars 2019 (E01).JPG",Jérémy-Günther-Heinz Jähnick,CC BY-SA 3.0,https://commons.wikimedia.org/wiki/File%3ADenain_-_Grand_Prix_de_Denain%2C_24_mars_2019_%28E01%29.JPG,https://thumb.wikimedia.org/wikipedia/commons/thumb/0/0b/Denain_-_Grand_Prix_de_Denain%2C_24_mars_2019_%28E01%29.JPG/960px-Denain_-_Grand_Prix_de_Denain%2C_24_mars_2019_%28E01%29.JPG?utm_source=commons.wikimedia.org&utm_campaign=imageinfo&utm_content=thumbnail
food_013_File_Different_kakanin.jpg,Category:Food,File:Different kakanin.jpg,Elmer B. Domingo,CC BY-SA 4.0,https://commons.wikimedia.org/wiki/File%3ADifferent_kakanin.jpg,https://thumb.wikimedia.org/wikipedia/commons/thumb/2/20/Different_kakanin.jpg/960px-Different_kakanin.jpg?utm_source=commons.wikimedia.org&utm_campaign=imageinfo&utm_content=thumbnail
human-hands_002_File_U_mani.jpg,Category:Human hands,File:(U)mani.webp,Longinus Spear,CC BY-SA 4.0,https://commons.wikimedia.org/wiki/File%3A%28U%29mani.webp,https://upload.wikimedia.org/wikipedia/commons/4/49/%28U%29mani.webp?utm_source=commons.wikimedia.org&utm_campaign=imageinfo&utm_content=thumbnail_unscaled
human-hands_003_File_CPBR9_Abertura_24526226622.jpg,Category:Human hands,File:-CPBR9 - Abertura (24526226622).jpg,Campus Party Brasil,CC BY-SA 2.0,https://commons.wikimedia.org/wiki/File%3A-CPBR9_-_Abertura_%2824526226622%29.jpg,https://thumb.wikimedia.org/wikipedia/commons/thumb/7/7b/-CPBR9_-_Abertura_%2824526226622%29.jpg/960px--CPBR9_-_Abertura_%2824526226622%29.jpg?utm_source=commons.wikimedia.org&utm_campaign=imageinfo&utm_content=thumbnail
human-hands_004_File_01_06_SFLF_WDC_23jun05_23320038.jpg,Category:Human hands,File:01.06.SFLF.WDC.23jun05 (23320038).jpg,Elvert Barnes,CC BY 2.0,https://commons.wikimedia.org/wiki/File%3A01.06.SFLF.WDC.23jun05_%2823320038%29.jpg,https://thumb.wikimedia.org/wikipedia/commons/thumb/5/54/01.06.SFLF.WDC.23jun05_%2823320038%29.jpg/960px-01.06.SFLF.WDC.23jun05_%2823320038%29.jpg?utm_source=commons.wikimedia.org&utm_campaign=imageinfo&utm_content=thumbnail
human-hands_005_File_01_Hot8_Storm_SFLF_WDC_7jul06_188122134.jpg,Category:Human hands,File:01.Hot8.Storm.SFLF.WDC.7jul06 (188122134).jpg,Elvert Barnes,CC BY 2.0,https://commons.wikimedia.org/wiki/File%3A01.Hot8.Storm.SFLF.WDC.7jul06_%28188122134%29.jpg,https://thumb.wikimedia.org/wikipedia/commons/thumb/0/01/01.Hot8.Storm.SFLF.WDC.7jul06_%28188122134%29.jpg/960px-01.Hot8.Storm.SFLF.WDC.7jul06_%28188122134%29.jpg?utm_source=commons.wikimedia.org&utm_campaign=imageinfo&utm_content=thumbnail
human-hands_006_File_02_02_SFLF_WDC_3jul05_23986231.jpg,Category:Human hands,File:02.02.SFLF.WDC.3jul05 (23986231).jpg,Elvert Barnes,CC BY 2.0,https://commons.wikimedia.org/wiki/File%3A02.02.SFLF.WDC.3jul05_%2823986231%29.jpg,https://thumb.wikimedia.org/wikipedia/commons/thumb/1/1b/02.02.SFLF.WDC.3jul05_%2823986231%29.jpg/960px-02.02.SFLF.WDC.3jul05_%2823986231%29.jpg?utm_source=commons.wikimedia.org&utm_campaign=imageinfo&utm_content=thumbnail
human-hands_007_File_02_04_SFLF_WDC_3jul05_23988576.jpg,Category:Human hands,File:02.04.SFLF.WDC.3jul05 (23988576).jpg,Elvert Barnes,CC BY 2.0,https://commons.wikimedia.org/wiki/File%3A02.04.SFLF.WDC.3jul05_%2823988576%29.jpg,https://thumb.wikimedia.org/wikipedia/commons/thumb/a/ae/02.04.SFLF.WDC.3jul05_%2823988576%29.jpg/960px-02.04.SFLF.WDC.3jul05_%2823988576%29.jpg?utm_source=commons.wikimedia.org&utm_campaign=imageinfo&utm_content=thumbnail
human-hands_008_File_02_06_SFLF_WDC_3jul05_23988578.jpg,Category:Human hands,File:02.06.SFLF.WDC.3jul05 (23988578).jpg,Elvert Barnes,CC BY 2.0,https://commons.wikimedia.org/wiki/File%3A02.06.SFLF.WDC.3jul05_%2823988578%29.jpg,https://thumb.wikimedia.org/wikipedia/commons/thumb/8/87/02.06.SFLF.WDC.3jul05_%2823988578%29.jpg/960px-02.06.SFLF.WDC.3jul05_%2823988578%29.jpg?utm_source=commons.wikimedia.org&utm_campaign=imageinfo&utm_content=thumbnail
human-hands_009_File_02_07_SFLF_WDC_3jul05_23990469.jpg,Category:Human hands,File:02.07.SFLF.WDC.3jul05 (23990469).jpg,Elvert Barnes,CC BY 2.0,https://commons.wikimedia.org/wiki/File%3A02.07.SFLF.WDC.3jul05_%2823990469%29.jpg,https://thumb.wikimedia.org/wikipedia/commons/thumb/3/3f/02.07.SFLF.WDC.3jul05_%2823990469%29.jpg/960px-02.07.SFLF.WDC.3jul05_%2823990469%29.jpg?utm_source=commons.wikimedia.org&utm_campaign=imageinfo&utm_content=thumbnail
human-hands_010_File_02_18_SFLF_WDC_3jul05_23994983.jpg,Category:Human hands,File:02.18.SFLF.WDC.3jul05 (23994983).jpg,Elvert Barnes,CC BY 2.0,https://commons.wikimedia.org/wiki/File%3A02.18.SFLF.WDC.3jul05_%2823994983%29.jpg,https://thumb.wikimedia.org/wikipedia/commons/thumb/1/18/02.18.SFLF.WDC.3jul05_%2823994983%29.jpg/960px-02.18.SFLF.WDC.3jul05_%2823994983%29.jpg?utm_source=commons.wikimedia.org&utm_campaign=imageinfo&utm_content=thumbnail
human-hands_011_File_02_19_SFLF_WDC_3jul05_23994984.jpg,Category:Human hands,File:02.19.SFLF.WDC.3jul05 (23994984).jpg,Elvert Barnes,CC BY 2.0,https://commons.wikimedia.org/wiki/File%3A02.19.SFLF.WDC.3jul05_%2823994984%29.jpg,https://thumb.wikimedia.org/wikipedia/commons/thumb/e/e0/02.19.SFLF.WDC.3jul05_%2823994984%29.jpg/960px-02.19.SFLF.WDC.3jul05_%2823994984%29.jpg?utm_source=commons.wikimedia.org&utm_campaign=imageinfo&utm_content=thumbnail
human-hands_012_File_02_23_SFLF_WDC_3jul05_23996172.jpg,Category:Human hands,File:02.23.SFLF.WDC.3jul05 (23996172).jpg,Elvert Barnes,CC BY 2.0,https://commons.wikimedia.org/wiki/File%3A02.23.SFLF.WDC.3jul05_%2823996172%29.jpg,https://thumb.wikimedia.org/wikipedia/commons/thumb/d/dd/02.23.SFLF.WDC.3jul05_%2823996172%29.jpg/960px-02.23.SFLF.WDC.3jul05_%2823996172%29.jpg?utm_source=commons.wikimedia.org&utm_campaign=imageinfo&utm_content=thumbnail
human-hands_013_File_027_Tick_on_human_skin_Zecken.jpg,Category:Human hands,File:027 Tick on human skin - Zecken.jpg,Marek Ślusarczyk (Tupungato) Photo portfolio,CC BY 3.0,https://commons.wikimedia.org/wiki/File%3A027_Tick_on_human_skin_-_Zecken.jpg,https://thumb.wikimedia.org/wikipedia/commons/thumb/f/f1/027_Tick_on_human_skin_-_Zecken.jpg/960px-027_Tick_on_human_skin_-_Zecken.jpg?utm_source=commons.wikimedia.org&utm_campaign=imageinfo&utm_content=thumbnail
documents_000_File_08_2024.jpg,Category:Documents,File:08-2024 පනත.jpg,ශ්‍රී ලංකා රජයේ මුද්‍රණ දෙපාර්තමේන්තුව,CC BY-SA 2.5,https://commons.wikimedia.org/wiki/File%3A08-2024_%E0%B6%B4%E0%B6%B1%E0%B6%AD.jpg,https://thumb.wikimedia.org/wikipedia/commons/thumb/b/bc/08-2024_%E0%B6%B4%E0%B6%B1%E0%B6%AD.jpg/960px-08-2024_%E0%B6%B4%E0%B6%B1%E0%B6%AD.jpg?utm_source=commons.wikimedia.org&utm_campaign=imageinfo&utm_content=thumbnail
documents_001_File_0a182210_4084_40ec_a853_0e936f0.jpg,Category:Documents,File:0a182210-4084-40ec-a853-0e936f0.jpg,Leila Gina Ashoury,CC BY-SA 4.0,https://commons.wikimedia.org/wiki/File%3A0a182210-4084-40ec-a853-0e936f0.jpg,https://thumb.wikimedia.org/wikipedia/commons/thumb/2/27/0a182210-4084-40ec-a853-0e936f0.jpg/960px-0a182210-4084-40ec-a853-0e936f0.jpg?utm_source=commons.wikimedia.org&utm_campaign=imageinfo&utm_content=thumbnail
documents_002_File_1_gw_odnalezione_2024_10_08_o_22_19_12_8c8dd2.jpg,Category:Documents,File:1 gw odnalezione 2024-10-08 o 22.19.12 8c8dd246 rodz skrzypek.jpg,Wojtek Pietrzak,CC BY-SA 4.0,https://commons.wikimedia.org/wiki/File%3A1_gw_odnalezione_2024-10-08_o_22.19.12_8c8dd246_rodz_skrzypek.jpg,https://thumb.wikimedia.org/wikipedia/commons/thumb/1/18/1_gw_odnalezione_2024-10-08_o_22.19.12_8c8dd246_rodz_skrzypek.jpg/960px-1_gw_odnalezione_2024-10-08_o_22.19.12_8c8dd246_rodz_skrzypek.jpg?utm_source=commons.wikimedia.org&utm_campaign=imageinfo&utm_content=thumbnail
documents_003_File_1_IEPI_Derecho_de_Autor_Dominio_Orgasmo_Eyacu.jpg,Category:Documents,File:1 IEPI Derecho de Autor Dominio Orgasmo Eyaculatorio Método Fazsufu.jpg,Fazsufu,CC BY 4.0,https://commons.wikimedia.org/wiki/File%3A1_IEPI_Derecho_de_Autor_Dominio_Orgasmo_Eyaculatorio_M%C3%A9todo_Fazsufu.jpg,https://thumb.wikimedia.org/wikipedia/commons/thumb/e/e4/1_IEPI_Derecho_de_Autor_Dominio_Orgasmo_Eyaculatorio_M%C3%A9todo_Fazsufu.jpg/960px-1_IEPI_Derecho_de_Autor_Dominio_Orgasmo_Eyaculatorio_M%C3%A9todo_Fazsufu.jpg?utm_source=commons.wikimedia.org&utm_campaign=imageinfo&utm_content=thumbnail
documents_004_File_1_student_chapter_certificte_page_0001.jpg,Category:Documents,File:1- student chapter certificte page-0001.jpg,Mamun87245,CC BY-SA 4.0,https://commons.wikimedia.org/wiki/File%3A1-_student_chapter_certificte_page-0001.jpg,https://thumb.wikimedia.org/wikipedia/commons/thumb/0/0d/1-_student_chapter_certificte_page-0001.jpg/960px-1-_student_chapter_certificte_page-0001.jpg?utm_source=commons.wikimedia.org&utm_campaign=imageinfo&utm_content=thumbnail
documents_005_File_10A_1st_National_Iraninan_Contemporary_and_Hi.jpg,Category:Documents,File:10A-1st National Iraninan Contemporary and Historical Buildings Restoration and Recovery Prize.jpg,MozhdehC,CC BY-SA 4.0,https://commons.wikimedia.org/wiki/File%3A10A-1st_National_Iraninan_Contemporary_and_Historical_Buildings_Restoration_and_Recovery_Prize.jpg,https://thumb.wikimedia.org/wikipedia/commons/thumb/1/1c/10A-1st_National_Iraninan_Contemporary_and_Historical_Buildings_Restoration_and_Recovery_Prize.jpg/960px-10A-1st_National_Iraninan_Contemporary_and_Historical_Buildings_Restoration_and_Recovery_Prize.jpg?utm_source=commons.wikimedia.org&utm_campaign=imageinfo&utm_content=thumbnail
documents_006_File_14069168_doc1.jpg,Category:Documents,File:14069168 doc1.jpg,В. П. Потемкин,CC0,https://commons.wikimedia.org/wiki/File%3A14069168_doc1.jpg,https://upload.wikimedia.org/wikipedia/commons/4/48/14069168_doc1.jpg?utm_source=commons.wikimedia.org&utm_campaign=imageinfo&utm_content=thumbnail_unscaled
documents_007_File_1724_Census_i_Arkivit_osman_popullsia_e_limja.jpg,Category:Documents,"File:1724, Census i Arkivit osman, popullsia e limjanit.png",Sheh Korabi,CC BY-SA 4.0,https://commons.wikimedia.org/wiki/File%3A1724%2C_Census_i_Arkivit_osman%2C_popullsia_e_limjanit.png,https://upload.wikimedia.org/wikipedia/commons/2/28/1724%2C_Census_i_Arkivit_osman%2C_popullsia_e_limjanit.png?utm_source=commons.wikimedia.org&utm_campaign=imageinfo&utm_content=thumbnail_unscaled
documents_008_File_1894_Important_Document_of_Valeriy_Shadrin.jpg,Category:Documents,File:1894 Important Document of Valeriy Shadrin.jpg,GrandDiogenes,CC BY-SA 4.0,https://commons.wikimedia.org/wiki/File%3A1894_Important_Document_of_Valeriy_Shadrin.jpg,https://thumb.wikimedia.org/wikipedia/commons/thumb/f/f1/1894_Important_Document_of_Valeriy_Shadrin.jpg/960px-1894_Important_Document_of_Valeriy_Shadrin.jpg?utm_source=commons.wikimedia.org&utm_campaign=imageinfo&utm_content=thumbnail
documents_009_File_19440812_06_MsnRptSumry_20FG_FO_509.jpg,Category:Documents,File:19440812 (06)MsnRptSumry 20FG FO-509.jpg,20th Fighter Group,Public domain,https://commons.wikimedia.org/wiki/File%3A19440812_%2806%29MsnRptSumry_20FG_FO-509.jpg,https://thumb.wikimedia.org/wikipedia/commons/thumb/6/60/19440812_%2806%29MsnRptSumry_20FG_FO-509.jpg/960px-19440812_%2806%29MsnRptSumry_20FG_FO-509.jpg?utm_source=commons.wikimedia.org&utm_campaign=imageinfo&utm_content=thumbnail
documents_010_File_1953_Cartel_Moctezuma_II.jpg,Category:Documents,File:1953 Cartel Moctezuma II.png,Titular de Teatro,Public domain,https://commons.wikimedia.org/wiki/File%3A1953_Cartel_Moctezuma_II.png,https://upload.wikimedia.org/wikipedia/commons/a/a9/1953_Cartel_Moctezuma_II.png?utm_source=commons.wikimedia.org&utm_campaign=imageinfo&utm_content=thumbnail_unscaled
documents_011_File_2_3_02.jpg,Category:Documents,File:2-3 сторінки звіту Томаса Функа про справжній перебіг битви біля річки Прут 02.jpg,Томас Функ,CC0,https://commons.wikimedia.org/wiki/File%3A2-3_%D1%81%D1%82%D0%BE%D1%80%D1%96%D0%BD%D0%BA%D0%B8_%D0%B7%D0%B2%D1%96%D1%82%D1%83_%D0%A2%D0%BE%D0%BC%D0%B0%D1%81%D0%B0_%D0%A4%D1%83%D0%BD%D0%BA%D0%B0_%D0%BF%D1%80%D0%BE_%D1%81%D0%BF%D1%80%D0%B0%D0%B2%D0%B6%D0%BD%D1%96%D0%B9_%D0%BF%D0%B5%D1%80%D0%B5%D0%B1%D1%96%D0%B3_%D0%B1%D0%B8%D1%82%D0%B2%D0%B8_%D0%B1%D1%96%D0%BB%D1%8F_%D1%80%D1%96%D1%87%D0%BA%D0%B8_%D0%9F%D1%80%D1%83%D1%82_02.jpg,https://thumb.wikimedia.org/wikipedia/commons/thumb/3/31/2-3_%D1%81%D1%82%D0%BE%D1%80%D1%96%D0%BD%D0%BA%D0%B8_%D0%B7%D0%B2%D1%96%D1%82%D1%83_%D0%A2%D0%BE%D0%BC%D0%B0%D1%81%D0%B0_%D0%A4%D1%83%D0%BD%D0%BA%D0%B0_%D0%BF%D1%80%D0%BE_%D1%81%D0%BF%D1%80%D0%B0%D0%B2%D0%B6%D0%BD%D1%96%D0%B9_%D0%BF%D0%B5%D1%80%D0%B5%D0%B1%D1%96%D0%B3_%D0%B1%D0%B8%D1%82%D0%B2%D0%B8_%D0%B1%D1%96%D0%BB%D1%8F_%D1%80%D1%96%D1%87%D0%BA%D0%B8_%D0%9F%D1%80%D1%83%D1%82_02.jpg/960px-2-3_%D1%81%D1%82%D0%BE%D1%80%D1%96%D0%BD%D0%BA%D0%B8_%D0%B7%D0%B2%D1%96%D1%82%D1%83_%D0%A2%D0%BE%D0%BC%D0%B0%D1%81%D0%B0_%D0%A4%D1%83%D0%BD%D0%BA%D0%B0_%D0%BF%D1%80%D0%BE_%D1%81%D0%BF%D1%80%D0%B0%D0%B2%D0%B6%D0%BD%D1%96%D0%B9_%D0%BF%D0%B5%D1%80%D0%B5%D0%B1%D1%96%D0%B3_%D0%B1%D0%B8%D1%82%D0%B2%D0%B8_%D0%B1%D1%96%D0%BB%D1%8F_%D1%80%D1%96%D1%87%D0%BA%D0%B8_%D0%9F%D1%80%D1%83%D1%82_02.jpg?utm_source=commons.wikimedia.org&utm_campaign=imageinfo&utm_content=thumbnail
documents_012_File_2.jpg,Category:Documents,File:2.유네스코아트원유지재단.jpg,MetaMasterOne,CC BY-SA 4.0,https://commons.wikimedia.org/wiki/File%3A2.%EC%9C%A0%EB%84%A4%EC%8A%A4%EC%BD%94%EC%95%84%ED%8A%B8%EC%9B%90%EC%9C%A0%EC%A7%80%EC%9E%AC%EB%8B%A8.jpg,https://thumb.wikimedia.org/wikipedia/commons/thumb/d/db/2.%EC%9C%A0%EB%84%A4%EC%8A%A4%EC%BD%94%EC%95%84%ED%8A%B8%EC%9B%90%EC%9C%A0%EC%A7%80%EC%9E%AC%EB%8B%A8.jpg/960px-2.%EC%9C%A0%EB%84%A4%EC%8A%A4%EC%BD%94%EC%95%84%ED%8A%B8%EC%9B%90%EC%9C%A0%EC%A7%80%EC%9E%AC%EB%8B%A8.jpg?utm_source=commons.wikimedia.org&utm_campaign=imageinfo&utm_content=thumbnail
documents_013_File_21.jpg,Category:Documents,File:21 Мл. к-с.tif,Илия Славчев,CC BY-SA 4.0,https://commons.wikimedia.org/wiki/File%3A21_%D0%9C%D0%BB._%D0%BA-%D1%81.tif,https://thumb.wikimedia.org/wikipedia/commons/thumb/c/c4/21_%D0%9C%D0%BB._%D0%BA-%D1%81.tif/lossy-page1-960px-21_%D0%9C%D0%BB._%D0%BA-%D1%81.tif.jpg?utm_source=commons.wikimedia.org&utm_campaign=imageinfo&utm_content=thumbnail
handwriting_000_File_arya_Javanese_script_handwriting_without_spac.jpg,Category:Handwriting,"File:""+arya+"" Javanese script handwriting without spaces 2019.jpg",Aris riyanto,CC BY-SA 4.0,https://commons.wikimedia.org/wiki/File%3A%22%2Barya%2B%22_Javanese_script_handwriting_without_spaces_2019.jpg,https://thumb.wikimedia.org/wikipedia/commons/thumb/a/ac/%22%2Barya%2B%22_Javanese_script_handwriting_without_spaces_2019.jpg/960px-%22%2Barya%2B%22_Javanese_script_handwriting_without_spaces_2019.jpg?utm_source=commons.wikimedia.org&utm_campaign=imageinfo&utm_content=thumbnail
handwriting_001_File_Middelton_Keynes_from_Plea_Rolls_of_the_Court.jpg,Category:Handwriting,"File:""Middelton Keynes"" from Plea Rolls of the Court of Common Pleas; 1461.jpg",Unknown authorUnknown author,Public domain,https://commons.wikimedia.org/wiki/File%3A%22Middelton_Keynes%22_from_Plea_Rolls_of_the_Court_of_Common_Pleas%3B_1461.jpg,https://upload.wikimedia.org/wikipedia/commons/0/0d/%22Middelton_Keynes%22_from_Plea_Rolls_of_the_Court_of_Common_Pleas%3B_1461.jpg?utm_source=commons.wikimedia.org&utm_campaign=imageinfo&utm_content=thumbnail_unscaled
handwriting_002_File_06aIMG_0107_50875713143.jpg,Category:Handwriting,File:06aIMG 0107 (50875713143).jpg,"Becker1999 from Grove City, OH",CC BY 2.0,https://commons.wikimedia.org/wiki/File%3A06aIMG_0107_%2850875713143%29.jpg,https://thumb.wikimedia.org/wikipedia/commons/thumb/e/e4/06aIMG_0107_%2850875713143%29.jpg/960px-06aIMG_0107_%2850875713143%29.jpg?utm_source=commons.wikimedia.org&utm_campaign=imageinfo&utm_content=thumbnail
handwriting_003_File_110329_F_IF940_228_5575091340.jpg,Category:Handwriting,File:110329-F-IF940-228 (5575091340).jpg,US Air Force from USA,Public domain,https://commons.wikimedia.org/wiki/File%3A110329-F-IF940-228_%285575091340%29.jpg,https://thumb.wikimedia.org/wikipedia/commons/thumb/f/f1/110329-F-IF940-228_%285575091340%29.jpg/960px-110329-F-IF940-228_%285575091340%29.jpg?utm_source=commons.wikimedia.org&utm_campaign=imageinfo&utm_content=thumbnail
handwriting_004_File_16_Mostra_de_Cinema_de_Tiradentes_8399147602.jpg,Category:Handwriting,File:16ª Mostra de Cinema de Tiradentes (8399147602).jpg,overmundo,CC BY-SA 2.0,https://commons.wikimedia.org/wiki/File%3A16%C2%AA_Mostra_de_Cinema_de_Tiradentes_%288399147602%29.jpg,https://thumb.wikimedia.org/wikipedia/commons/thumb/5/59/16%C2%AA_Mostra_de_Cinema_de_Tiradentes_%288399147602%29.jpg/960px-16%C2%AA_Mostra_de_Cinema_de_Tiradentes_%288399147602%29.jpg?utm_source=commons.wikimedia.org&utm_campaign=imageinfo&utm_content=thumbnail
handwriting_005_File_2013_06_22_11_07_56_Program_Evaluation_and_De.jpg,Category:Handwriting,File:2013-06-22 11-07-56 Program Evaluation and Design Workshop Breakout Session 1 Success Characteristics 030.jpg,80686,CC BY 3.0,https://commons.wikimedia.org/wiki/File%3A2013-06-22_11-07-56_Program_Evaluation_and_Design_Workshop_Breakout_Session_1_Success_Characteristics_030.jpg,https://thumb.wikimedia.org/wikipedia/commons/thumb/5/5e/2013-06-22_11-07-56_Program_Evaluation_and_Design_Workshop_Breakout_Session_1_Success_Characteristics_030.jpg/960px-2013-06-22_11-07-56_Program_Evaluation_and_Design_Workshop_Breakout_Session_1_Success_Characteristics_030.jpg?utm_source=commons.wikimedia.org&utm_campaign=imageinfo&utm_content=thumbnail
handwriting_006_File_2013_3_4_21_4_B_W.jpg,Category:Handwriting,File:2013.3.4.21.4 B.W.png,User: Khoozani,CC BY-SA 3.0,https://commons.wikimedia.org/wiki/File%3A2013.3.4.21.4_B.W.png,https://upload.wikimedia.org/wikipedia/commons/0/04/2013.3.4.21.4_B.W.png?utm_source=commons.wikimedia.org&utm_campaign=imageinfo&utm_content=thumbnail_unscaled
handwriting_007_File_2015_Better_Half_Dash_21433126133.jpg,Category:Handwriting,File:2015 Better Half Dash (21433126133).jpg,"Trailers of the East Coast from Mocksville, USA",CC BY 2.0,https://commons.wikimedia.org/wiki/File%3A2015_Better_Half_Dash_%2821433126133%29.jpg,https://thumb.wikimedia.org/wikipedia/commons/thumb/6/6e/2015_Better_Half_Dash_%2821433126133%29.jpg/960px-2015_Better_Half_Dash_%2821433126133%29.jpg?utm_source=commons.wikimedia.org&utm_campaign=imageinfo&utm_content=thumbnail
handwriting_008_File_2017_03_Verona_Mattes_Pana_Batch_34.jpg,Category:Handwriting,File:2017-03 Verona Mattes Pana Batch (34).JPG,Mattes,CC BY-SA 4.0,https://commons.wikimedia.org/wiki/File%3A2017-03_Verona_Mattes_Pana_Batch_%2834%29.JPG,https://thumb.wikimedia.org/wikipedia/commons/thumb/0/0d/2017-03_Verona_Mattes_Pana_Batch_%2834%29.JPG/960px-2017-03_Verona_Mattes_Pana_Batch_%2834%29.JPG?utm_source=commons.wikimedia.org&utm_campaign=imageinfo&utm_content=thumbnail
handwriting_009_File_20210423_About672599.jpg,Category:Handwriting,File:20210423 About672599.jpg,About672599,CC BY-SA 4.0,https://commons.wikimedia.org/wiki/File%3A20210423_About672599.jpg,https://thumb.wikimedia.org/wikipedia/commons/thumb/7/75/20210423_About672599.jpg/960px-20210423_About672599.jpg?utm_source=commons.wikimedia.org&utm_campaign=imageinfo&utm_content=thumbnail
handwriting_010_File_2544_Berlin.jpg,Category:Handwriting,File:2544 Berlin.jpg,"This image is a work by Wikipedia and Wikimedia Commons user C.Suthorn. When reusing, credit me as described in the Licensing information below. I would appreciate being notified (wikimail, talk page, email, Social Media) if you use my work outside Wikimedia. Do not copy this image illegally by ignoring the terms of the license below, as it is not in the public domain. If you would like special permission to use, license, or purchase the image please contact me to negotiate terms. More of my work can be found in my personal gallery or at my Peertube channel. A prepared attribution especially for use in Social Media and Print (newspapers, flyers, books, murals, mousepads, mugs, posters, t-shirts) can be copied here",CC BY-SA 4.0,https://commons.wikimedia.org/wiki/File%3A2544_Berlin.jpg,https://thumb.wikimedia.org/wikipedia/commons/thumb/0/00/2544_Berlin.jpg/960px-2544_Berlin.jpg?utm_source=commons.wikimedia.org&utm_campaign=imageinfo&utm_content=thumbnail
handwriting_011_File_9009_letter_from_James_Hopper_to_Judge_Ben_B.jpg,Category:Handwriting,File:9009-letter from James Hopper to Judge Ben B Lindsey.jpg,James Hopper (letter); unknown (cover),Public domain,https://commons.wikimedia.org/wiki/File%3A9009-letter_from_James_Hopper_to_Judge_Ben_B_Lindsey.jpg,https://thumb.wikimedia.org/wikipedia/commons/thumb/b/be/9009-letter_from_James_Hopper_to_Judge_Ben_B_Lindsey.jpg/960px-9009-letter_from_James_Hopper_to_Judge_Ben_B_Lindsey.jpg?utm_source=commons.wikimedia.org&utm_campaign=imageinfo&utm_content=thumbnail
handwriting_012_File_A_B_Yehoshua_Handwriting.jpg,Category:Handwriting,File:A B Yehoshua Handwriting.jpg,A B Yehoshua,CC BY-SA 4.0,https://commons.wikimedia.org/wiki/File%3AA_B_Yehoshua_Handwriting.jpg,https://thumb.wikimedia.org/wikipedia/commons/thumb/5/58/A_B_Yehoshua_Handwriting.jpg/960px-A_B_Yehoshua_Handwriting.jpg?utm_source=commons.wikimedia.org&utm_campaign=imageinfo&utm_content=thumbnail
handwriting_013_File_A_copy_of_Ghalib_s_letter_to_Munshi_Hargopal.jpg,Category:Handwriting,File:A copy of Ghalib's letter to Munshi Hargopal Tafta.jpg,Mirza Asadullah Khan Ghalib,Public domain,https://commons.wikimedia.org/wiki/File%3AA_copy_of_Ghalib%27s_letter_to_Munshi_Hargopal_Tafta.jpg,https://thumb.wikimedia.org/wikipedia/commons/thumb/3/3a/A_copy_of_Ghalib%27s_letter_to_Munshi_Hargopal_Tafta.jpg/960px-A_copy_of_Ghalib%27s_letter_to_Munshi_Hargopal_Tafta.jpg?utm_source=commons.wikimedia.org&utm_campaign=imageinfo&utm_content=thumbnail
computer-screens_000_File_100DaysOfCode_Unsplash.jpg,Category:Computer screens,File:100DaysOfCode (Unsplash).jpg,Lewis Ngugi ngeshlew,CC0,https://commons.wikimedia.org/wiki/File%3A100DaysOfCode_%28Unsplash%29.jpg,https://thumb.wikimedia.org/wikipedia/commons/thumb/0/07/100DaysOfCode_%28Unsplash%29.jpg/960px-100DaysOfCode_%28Unsplash%29.jpg?utm_source=commons.wikimedia.org&utm_campaign=imageinfo&utm_content=thumbnail
computer-screens_001_File_20020730092044_FreePascal_IDE.jpg,Category:Computer screens,File:20020730092044 - FreePascal IDE.jpg,Yaohua2000,CC BY-SA 3.0,https://commons.wikimedia.org/wiki/File%3A20020730092044_-_FreePascal_IDE.jpg,https://thumb.wikimedia.org/wikipedia/commons/thumb/6/6f/20020730092044_-_FreePascal_IDE.jpg/960px-20020730092044_-_FreePascal_IDE.jpg?utm_source=commons.wikimedia.org&utm_campaign=imageinfo&utm_content=thumbnail
computer-screens_002_File_2015_Wikimania_press_conference_JS_10.jpg,Category:Computer screens,File:2015 Wikimania press conference - JS - 10.jpg,Joe Sutherland,CC BY-SA 4.0,https://commons.wikimedia.org/wiki/File%3A2015_Wikimania_press_conference_-_JS_-_10.jpg,https://thumb.wikimedia.org/wikipedia/commons/thumb/0/03/2015_Wikimania_press_conference_-_JS_-_10.jpg/960px-2015_Wikimania_press_conference_-_JS_-_10.jpg?utm_source=commons.wikimedia.org&utm_campaign=imageinfo&utm_content=thumbnail
computer-screens_003_File_2019_Internationaux_de_France_Saturday_medals.jpg,Category:Computer screens,File:2019 Internationaux de France Saturday medals ice dance 8D9A7582.jpg,Aude Mugnier,CC BY-SA 4.0,https://commons.wikimedia.org/wiki/File%3A2019_Internationaux_de_France_Saturday_medals_ice_dance_8D9A7582.jpg,https://thumb.wikimedia.org/wikipedia/commons/thumb/5/50/2019_Internationaux_de_France_Saturday_medals_ice_dance_8D9A7582.jpg/960px-2019_Internationaux_de_France_Saturday_medals_ice_dance_8D9A7582.jpg?utm_source=commons.wikimedia.org&utm_campaign=imageinfo&utm_content=thumbnail
computer-screens_004_File_shaiAshkenazi_53.jpg,Category:Computer screens,File:@shaiAshkenazi-53.jpg,Meggie vilensky,CC BY-SA 4.0,https://commons.wikimedia.org/wiki/File%3A%40shaiAshkenazi-53.jpg,https://thumb.wikimedia.org/wikipedia/commons/thumb/b/b2/%40shaiAshkenazi-53.jpg/960px-%40shaiAshkenazi-53.jpg?utm_source=commons.wikimedia.org&utm_campaign=imageinfo&utm_content=thumbnail
computer-screens_005_File_A_bug_2675714552.jpg,Category:Computer screens,File:A bug (2675714552).jpg,"Anders Sandberg from Oxford, UK",CC BY 2.0,https://commons.wikimedia.org/wiki/File%3AA_bug_%282675714552%29.jpg,https://upload.wikimedia.org/wikipedia/commons/7/7e/A_bug_%282675714552%29.jpg?utm_source=commons.wikimedia.org&utm_campaign=imageinfo&utm_content=thumbnail_unscaled
computer-screens_006_File_ACPI_It_s_now_safe_to_turn_off_your_computer.jpg,Category:Computer screens,File:ACPI It's now safe to turn off your computer rus.png,Lixeiden,CC BY-SA 4.0,https://commons.wikimedia.org/wiki/File%3AACPI_It%27s_now_safe_to_turn_off_your_computer_rus.png,https://upload.wikimedia.org/wikipedia/commons/2/26/ACPI_It%27s_now_safe_to_turn_off_your_computer_rus.png?utm_source=commons.wikimedia.org&utm_campaign=imageinfo&utm_content=thumbnail_unscaled
computer-screens_007_File_Algoritmo_estad_stico_3734200307.jpg,Category:Computer screens,File:Algoritmo estadístico (3734200307).jpg,Jorge Franganillo,CC BY 2.0,https://commons.wikimedia.org/wiki/File%3AAlgoritmo_estad%C3%ADstico_%283734200307%29.jpg,https://thumb.wikimedia.org/wikipedia/commons/thumb/3/3d/Algoritmo_estad%C3%ADstico_%283734200307%29.jpg/960px-Algoritmo_estad%C3%ADstico_%283734200307%29.jpg?utm_source=commons.wikimedia.org&utm_campaign=imageinfo&utm_content=thumbnail
computer-screens_008_File_Amstrad_CPC_screen_closeup.jpg,Category:Computer screens,File:Amstrad CPC screen closeup.jpg,"Manuel Bartual from Madrid, España",CC BY-SA 2.0,https://commons.wikimedia.org/wiki/File%3AAmstrad_CPC_screen_closeup.jpg,https://thumb.wikimedia.org/wikipedia/commons/thumb/d/d8/Amstrad_CPC_screen_closeup.jpg/960px-Amstrad_CPC_screen_closeup.jpg?utm_source=commons.wikimedia.org&utm_campaign=imageinfo&utm_content=thumbnail
computer-screens_009_File_Anshan_Location.jpg,Category:Computer screens,File:Anshan-Location.jpg,Cleopatra Gh,CC BY-SA 4.0,https://commons.wikimedia.org/wiki/File%3AAnshan-Location.jpg,https://thumb.wikimedia.org/wikipedia/commons/thumb/8/85/Anshan-Location.jpg/960px-Anshan-Location.jpg?utm_source=commons.wikimedia.org&utm_campaign=imageinfo&utm_content=thumbnail
computer-screens_010_File_Anshan_Stadt.jpg,Category:Computer screens,File:Anshan-Stadt.jpg,Cleopatra Gh,CC BY-SA 4.0,https://commons.wikimedia.org/wiki/File%3AAnshan-Stadt.jpg,https://thumb.wikimedia.org/wikipedia/commons/thumb/4/44/Anshan-Stadt.jpg/960px-Anshan-Stadt.jpg?utm_source=commons.wikimedia.org&utm_campaign=imageinfo&utm_content=thumbnail
computer-screens_011_File_Anshancity.jpg,Category:Computer screens,File:Anshancity.jpg,Cleopatra Gh,CC BY-SA 4.0,https://commons.wikimedia.org/wiki/File%3AAnshancity.jpg,https://thumb.wikimedia.org/wikipedia/commons/thumb/3/3a/Anshancity.jpg/960px-Anshancity.jpg?utm_source=commons.wikimedia.org&utm_campaign=imageinfo&utm_content=thumbnail
computer-screens_012_File_Anshancityinfarsprovince.jpg,Category:Computer screens,File:Anshancityinfarsprovince.jpg,Cleopatra Gh,CC BY-SA 4.0,https://commons.wikimedia.org/wiki/File%3AAnshancityinfarsprovince.jpg,https://thumb.wikimedia.org/wikipedia/commons/thumb/7/75/Anshancityinfarsprovince.jpg/960px-Anshancityinfarsprovince.jpg?utm_source=commons.wikimedia.org&utm_campaign=imageinfo&utm_content=thumbnail
computer-screens_013_File_Anshaninpersia.jpg,Category:Computer screens,File:Anshaninpersia.jpg,Cleopatra Gh,CC BY-SA 4.0,https://commons.wikimedia.org/wiki/File%3AAnshaninpersia.jpg,https://thumb.wikimedia.org/wikipedia/commons/thumb/7/7c/Anshaninpersia.jpg/960px-Anshaninpersia.jpg?utm_source=commons.wikimedia.org&utm_campaign=imageinfo&utm_content=thumbnail
cats_000_File_MANGO_the_pet_stray_cat_of_Vaibhav_Apartments.jpg,Category:Cats,"File:"" MANGO"" , the pet stray cat of Vaibhav Apartments Co-Operative housing society in Mumbai.jpg",Rudolph.A.Furtado,CC BY 4.0,https://commons.wikimedia.org/wiki/File%3A%22_MANGO%22_%2C_the_pet_stray_cat_of_Vaibhav_Apartments_Co-Operative_housing_society_in_Mumbai.jpg,https://thumb.wikimedia.org/wikipedia/commons/thumb/0/0a/%22_MANGO%22_%2C_the_pet_stray_cat_of_Vaibhav_Apartments_Co-Operative_housing_society_in_Mumbai.jpg/960px-%22_MANGO%22_%2C_the_pet_stray_cat_of_Vaibhav_Apartments_Co-Operative_housing_society_in_Mumbai.jpg?utm_source=commons.wikimedia.org&utm_campaign=imageinfo&utm_content=thumbnail
cats_001_File_MANGO_surveying_his_territory_seated_on_top_o.jpg,Category:Cats,"File:"" MANGO"" surveying his territory seated on top of a scooter.jpg",Rudolph.A.Furtado,CC BY 4.0,https://commons.wikimedia.org/wiki/File%3A%22_MANGO%22_surveying_his_territory_seated_on_top_of_a_scooter.jpg,https://thumb.wikimedia.org/wikipedia/commons/thumb/6/64/%22_MANGO%22_surveying_his_territory_seated_on_top_of_a_scooter.jpg/960px-%22_MANGO%22_surveying_his_territory_seated_on_top_of_a_scooter.jpg?utm_source=commons.wikimedia.org&utm_campaign=imageinfo&utm_content=thumbnail
cats_002_File_Pushinka_The_Cat.jpg,Category:Cats,"File:""Pushinka"" The Cat.jpg",Bogdan777UA,CC0,https://commons.wikimedia.org/wiki/File%3A%22Pushinka%22_The_Cat.jpg,https://thumb.wikimedia.org/wikipedia/commons/thumb/5/58/%22Pushinka%22_The_Cat.jpg/960px-%22Pushinka%22_The_Cat.jpg?utm_source=commons.wikimedia.org&utm_campaign=imageinfo&utm_content=thumbnail
cats_003_File_20240831_215208_Flickr_mattbuck4950.jpg,Category:Cats,File:20240831 215208 - Flickr - mattbuck4950.jpg,"Matt Buck from London, United Kingdom",CC BY-SA 4.0,https://commons.wikimedia.org/wiki/File%3A20240831_215208_-_Flickr_-_mattbuck4950.jpg,https://thumb.wikimedia.org/wikipedia/commons/thumb/c/c0/20240831_215208_-_Flickr_-_mattbuck4950.jpg/960px-20240831_215208_-_Flickr_-_mattbuck4950.jpg?utm_source=commons.wikimedia.org&utm_campaign=imageinfo&utm_content=thumbnail
cats_004_File_7390_Two_littles_1.jpg,Category:Cats,File:7390 - Two littles (1).jpg,Ẩn danh (071025),CC BY 4.0,https://commons.wikimedia.org/wiki/File%3A7390_-_Two_littles_%281%29.jpg,https://thumb.wikimedia.org/wikipedia/commons/thumb/b/bf/7390_-_Two_littles_%281%29.jpg/960px-7390_-_Two_littles_%281%29.jpg?utm_source=commons.wikimedia.org&utm_campaign=imageinfo&utm_content=thumbnail
cats_005_File_7391_Two_littles_2.jpg,Category:Cats,File:7391 - Two littles (2).jpg,Ẩn danh (071025),CC BY 4.0,https://commons.wikimedia.org/wiki/File%3A7391_-_Two_littles_%282%29.jpg,https://thumb.wikimedia.org/wikipedia/commons/thumb/9/9d/7391_-_Two_littles_%282%29.jpg/960px-7391_-_Two_littles_%282%29.jpg?utm_source=commons.wikimedia.org&utm_campaign=imageinfo&utm_content=thumbnail
cats_006_File_WIKIMWDIA.jpg,Category:Cats,File:WIKIMWDIA.jpg,0eric005,CC BY-SA 4.0,https://commons.wikimedia.org/wiki/File%3AWIKIMWDIA.jpg,https://thumb.wikimedia.org/wikipedia/commons/thumb/4/45/WIKIMWDIA.jpg/960px-WIKIMWDIA.jpg?utm_source=commons.wikimedia.org&utm_campaign=imageinfo&utm_content=thumbnail
cats_007_File_A_black_cat_in_Vertis_North.jpg,Category:Cats,File:A black cat in Vertis North.jpg,Aerous,CC BY-SA 4.0,https://commons.wikimedia.org/wiki/File%3AA_black_cat_in_Vertis_North.jpg,https://thumb.wikimedia.org/wikipedia/commons/thumb/4/4e/A_black_cat_in_Vertis_North.jpg/960px-A_black_cat_in_Vertis_North.jpg?utm_source=commons.wikimedia.org&utm_campaign=imageinfo&utm_content=thumbnail
cats_008_File_A_Calico_cat_resting.jpg,Category:Cats,File:A Calico cat resting.jpg,Nhrjmhll,CC0,https://commons.wikimedia.org/wiki/File%3AA_Calico_cat_resting.jpg,https://thumb.wikimedia.org/wikipedia/commons/thumb/b/bd/A_Calico_cat_resting.jpg/960px-A_Calico_cat_resting.jpg?utm_source=commons.wikimedia.org&utm_campaign=imageinfo&utm_content=thumbnail
cats_009_File_A_cat_in_Kuwait.jpg,Category:Cats,File:A cat in Kuwait.jpg,فيصل,CC BY-SA 4.0,https://commons.wikimedia.org/wiki/File%3AA_cat_in_Kuwait.jpg,https://thumb.wikimedia.org/wikipedia/commons/thumb/8/86/A_cat_in_Kuwait.jpg/960px-A_cat_in_Kuwait.jpg?utm_source=commons.wikimedia.org&utm_campaign=imageinfo&utm_content=thumbnail
cats_010_File_A_cat_on_the_red_carpet_at_the_2025_Red_Sea_F.jpg,Category:Cats,File:A cat on the red carpet at the 2025 Red Sea FIlm Festival (cropped).jpg,Segolene Liger,CC BY-SA 4.0,https://commons.wikimedia.org/wiki/File%3AA_cat_on_the_red_carpet_at_the_2025_Red_Sea_FIlm_Festival_%28cropped%29.jpg,https://thumb.wikimedia.org/wikipedia/commons/thumb/5/53/A_cat_on_the_red_carpet_at_the_2025_Red_Sea_FIlm_Festival_%28cropped%29.jpg/960px-A_cat_on_the_red_carpet_at_the_2025_Red_Sea_FIlm_Festival_%28cropped%29.jpg?utm_source=commons.wikimedia.org&utm_campaign=imageinfo&utm_content=thumbnail
cats_011_File_A_cat_on_the_red_carpet_at_the_2025_Red_Sea_F.jpg,Category:Cats,File:A cat on the red carpet at the 2025 Red Sea FIlm Festival.jpg,Segolene Liger,CC BY-SA 4.0,https://commons.wikimedia.org/wiki/File%3AA_cat_on_the_red_carpet_at_the_2025_Red_Sea_FIlm_Festival.jpg,https://thumb.wikimedia.org/wikipedia/commons/thumb/b/b0/A_cat_on_the_red_carpet_at_the_2025_Red_Sea_FIlm_Festival.jpg/960px-A_cat_on_the_red_carpet_at_the_2025_Red_Sea_FIlm_Festival.jpg?utm_source=commons.wikimedia.org&utm_campaign=imageinfo&utm_content=thumbnail
cats_012_File_A_cat_with_her_kittens.jpg,Category:Cats,File:A cat with her kittens.jpg,Dzkouslavia,CC BY-SA 4.0,https://commons.wikimedia.org/wiki/File%3AA_cat_with_her_kittens.jpg,https://thumb.wikimedia.org/wikipedia/commons/thumb/d/d3/A_cat_with_her_kittens.jpg/960px-A_cat_with_her_kittens.jpg?utm_source=commons.wikimedia.org&utm_campaign=imageinfo&utm_content=thumbnail
cats_013_File_A_domestic_kitten.jpg,Category:Cats,File:A domestic kitten.jpg,AJ12119,CC BY-SA 4.0,https://commons.wikimedia.org/wiki/File%3AA_domestic_kitten.jpg,https://thumb.wikimedia.org/wikipedia/commons/thumb/a/af/A_domestic_kitten.jpg/960px-A_domestic_kitten.jpg?utm_source=commons.wikimedia.org&utm_campaign=imageinfo&utm_content=thumbnail
flowers_000_File_Alyssum_Cluster_Saint_James_Minnesota.jpg,Category:Flowers,"File:Alyssum Cluster - Saint James, Minnesota.jpg",ToxicFlame427,CC BY-SA 4.0,https://commons.wikimedia.org/wiki/File%3AAlyssum_Cluster_-_Saint_James%2C_Minnesota.jpg,https://thumb.wikimedia.org/wikipedia/commons/thumb/6/63/Alyssum_Cluster_-_Saint_James%2C_Minnesota.jpg/960px-Alyssum_Cluster_-_Saint_James%2C_Minnesota.jpg?utm_source=commons.wikimedia.org&utm_campaign=imageinfo&utm_content=thumbnail
flowers_001_File_Bee_Captivated_By_Flowering_Coneflower.jpg,Category:Flowers,File:Bee Captivated By Flowering Coneflower.jpg,ToxicFlame427,CC BY-SA 4.0,https://commons.wikimedia.org/wiki/File%3ABee_Captivated_By_Flowering_Coneflower.jpg,https://thumb.wikimedia.org/wikipedia/commons/thumb/7/72/Bee_Captivated_By_Flowering_Coneflower.jpg/960px-Bee_Captivated_By_Flowering_Coneflower.jpg?utm_source=commons.wikimedia.org&utm_campaign=imageinfo&utm_content=thumbnail
flowers_002_File_Budding_French_Marigold.jpg,Category:Flowers,File:Budding French Marigold.jpg,ToxicFlame427,CC BY-SA 4.0,https://commons.wikimedia.org/wiki/File%3ABudding_French_Marigold.jpg,https://thumb.wikimedia.org/wikipedia/commons/thumb/5/58/Budding_French_Marigold.jpg/960px-Budding_French_Marigold.jpg?utm_source=commons.wikimedia.org&utm_campaign=imageinfo&utm_content=thumbnail
flowers_003_File_Coneflower_Echinacea_Duluth_MInnesota.jpg,Category:Flowers,"File:Coneflower Echinacea - Duluth, MInnesota.jpg",ToxicFlame427,CC BY-SA 4.0,https://commons.wikimedia.org/wiki/File%3AConeflower_Echinacea_-_Duluth%2C_MInnesota.jpg,https://thumb.wikimedia.org/wikipedia/commons/thumb/4/49/Coneflower_Echinacea_-_Duluth%2C_MInnesota.jpg/960px-Coneflower_Echinacea_-_Duluth%2C_MInnesota.jpg?utm_source=commons.wikimedia.org&utm_campaign=imageinfo&utm_content=thumbnail
flowers_004_File.jpg,Category:Flowers,File:ঔটেঙাৰ ফুল.jpg,Pranamikaadhikary,CC0,https://commons.wikimedia.org/wiki/File%3A%E0%A6%94%E0%A6%9F%E0%A7%87%E0%A6%99%E0%A6%BE%E0%A7%B0_%E0%A6%AB%E0%A7%81%E0%A6%B2.jpg,https://thumb.wikimedia.org/wikipedia/commons/thumb/4/4d/%E0%A6%94%E0%A6%9F%E0%A7%87%E0%A6%99%E0%A6%BE%E0%A7%B0_%E0%A6%AB%E0%A7%81%E0%A6%B2.jpg/960px-%E0%A6%94%E0%A6%9F%E0%A7%87%E0%A6%99%E0%A6%BE%E0%A7%B0_%E0%A6%AB%E0%A7%81%E0%A6%B2.jpg?utm_source=commons.wikimedia.org&utm_campaign=imageinfo&utm_content=thumbnail
cars_000_File_1998_R_Vauxhall_Astra_5dr.jpg,Category:Cars,File:1998 (R) Vauxhall Astra 5dr.jpg,Aboutdamnavantime.wiki,CC BY 4.0,https://commons.wikimedia.org/wiki/File%3A1998_%28R%29_Vauxhall_Astra_5dr.jpg,https://thumb.wikimedia.org/wikipedia/commons/thumb/e/e4/1998_%28R%29_Vauxhall_Astra_5dr.jpg/960px-1998_%28R%29_Vauxhall_Astra_5dr.jpg?utm_source=commons.wikimedia.org&utm_campaign=imageinfo&utm_content=thumbnail
cars_001_File_1998_S_Ford_Ka.jpg,Category:Cars,File:1998 (S) Ford Ka.jpg,Aboutdamnavantime.wiki,CC BY 4.0,https://commons.wikimedia.org/wiki/File%3A1998_%28S%29_Ford_Ka.jpg,https://thumb.wikimedia.org/wikipedia/commons/thumb/3/33/1998_%28S%29_Ford_Ka.jpg/960px-1998_%28S%29_Ford_Ka.jpg?utm_source=commons.wikimedia.org&utm_campaign=imageinfo&utm_content=thumbnail
cars_002_File_1998_S_Toyota_Land_Cruiser_Colorado.jpg,Category:Cars,File:1998 (S) Toyota Land Cruiser Colorado.png,Aboutdamnavantime.wiki,CC BY 4.0,https://commons.wikimedia.org/wiki/File%3A1998_%28S%29_Toyota_Land_Cruiser_Colorado.png,https://thumb.wikimedia.org/wikipedia/commons/thumb/9/94/1998_%28S%29_Toyota_Land_Cruiser_Colorado.png/960px-1998_%28S%29_Toyota_Land_Cruiser_Colorado.png?utm_source=commons.wikimedia.org&utm_campaign=imageinfo&utm_content=thumbnail
cars_003_File_2000_W_Toyota_Yaris_Verso.jpg,Category:Cars,File:2000 (W) Toyota Yaris Verso.jpg,Aboutdamnavantime.wiki,CC BY 4.0,https://commons.wikimedia.org/wiki/File%3A2000_%28W%29_Toyota_Yaris_Verso.jpg,https://thumb.wikimedia.org/wikipedia/commons/thumb/8/88/2000_%28W%29_Toyota_Yaris_Verso.jpg/960px-2000_%28W%29_Toyota_Yaris_Verso.jpg?utm_source=commons.wikimedia.org&utm_campaign=imageinfo&utm_content=thumbnail
cars_004_File_2000_W_Volkswagen_Polo_5dr.jpg,Category:Cars,File:2000 (W) Volkswagen Polo 5dr.png,Aboutdamnavantime.wiki,CC BY 4.0,https://commons.wikimedia.org/wiki/File%3A2000_%28W%29_Volkswagen_Polo_5dr.png,https://thumb.wikimedia.org/wikipedia/commons/thumb/c/cc/2000_%28W%29_Volkswagen_Polo_5dr.png/960px-2000_%28W%29_Volkswagen_Polo_5dr.png?utm_source=commons.wikimedia.org&utm_campaign=imageinfo&utm_content=thumbnail
cars_005_File_2001_51_Alfa_Romeo_156_Sportwagon.jpg,Category:Cars,File:2001 (51) Alfa Romeo 156 Sportwagon.jpg,Aboutdamnavantime.wiki,CC BY 4.0,https://commons.wikimedia.org/wiki/File%3A2001_%2851%29_Alfa_Romeo_156_Sportwagon.jpg,https://thumb.wikimedia.org/wikipedia/commons/thumb/b/bc/2001_%2851%29_Alfa_Romeo_156_Sportwagon.jpg/960px-2001_%2851%29_Alfa_Romeo_156_Sportwagon.jpg?utm_source=commons.wikimedia.org&utm_campaign=imageinfo&utm_content=thumbnail
cars_006_File_2001_Y_Nissan_Micra_5dr.jpg,Category:Cars,File:2001 (Y) Nissan Micra 5dr.jpg,Aboutdamnavantime.wiki,CC BY 4.0,https://commons.wikimedia.org/wiki/File%3A2001_%28Y%29_Nissan_Micra_5dr.jpg,https://thumb.wikimedia.org/wikipedia/commons/thumb/e/ea/2001_%28Y%29_Nissan_Micra_5dr.jpg/960px-2001_%28Y%29_Nissan_Micra_5dr.jpg?utm_source=commons.wikimedia.org&utm_campaign=imageinfo&utm_content=thumbnail
cars_007_File_2001_Y_Peugeot_206_3dr.jpg,Category:Cars,File:2001 (Y) Peugeot 206 3dr.jpg,Aboutdamnavantime.wiki,CC BY 4.0,https://commons.wikimedia.org/wiki/File%3A2001_%28Y%29_Peugeot_206_3dr.jpg,https://thumb.wikimedia.org/wikipedia/commons/thumb/0/0d/2001_%28Y%29_Peugeot_206_3dr.jpg/960px-2001_%28Y%29_Peugeot_206_3dr.jpg?utm_source=commons.wikimedia.org&utm_campaign=imageinfo&utm_content=thumbnail
cars_008_File_2002_02_Nissan_Micra_3dr.jpg,Category:Cars,File:2002 (02) Nissan Micra 3dr.png,Aboutdamnavantime.wiki,CC BY 4.0,https://commons.wikimedia.org/wiki/File%3A2002_%2802%29_Nissan_Micra_3dr.png,https://thumb.wikimedia.org/wikipedia/commons/thumb/d/dc/2002_%2802%29_Nissan_Micra_3dr.png/960px-2002_%2802%29_Nissan_Micra_3dr.png?utm_source=commons.wikimedia.org&utm_campaign=imageinfo&utm_content=thumbnail
cars_009_File_File_00000000007881f4bbb578ae3516ed3b.jpg,Category:Cars,File:File 00000000007881f4bbb578ae3516ed3b.png,DeliaWikipe,CC0,https://commons.wikimedia.org/wiki/File%3AFile_00000000007881f4bbb578ae3516ed3b.png,https://thumb.wikimedia.org/wikipedia/commons/thumb/1/19/File_00000000007881f4bbb578ae3516ed3b.png/960px-File_00000000007881f4bbb578ae3516ed3b.png?utm_source=commons.wikimedia.org&utm_campaign=imageinfo&utm_content=thumbnail
cars_010_File_Lahug_Cebu_city.jpg,Category:Cars,File:Lahug Cebu city.jpg,Nicoleonfilm,CC BY-SA 4.0,https://commons.wikimedia.org/wiki/File%3ALahug_Cebu_city.jpg,https://thumb.wikimedia.org/wikipedia/commons/thumb/b/bc/Lahug_Cebu_city.jpg/960px-Lahug_Cebu_city.jpg?utm_source=commons.wikimedia.org&utm_campaign=imageinfo&utm_content=thumbnail
furniture_000_File_05_07_51162768166.jpg,Category:Furniture,File:05.07 總統參訪「台灣國家婦女館」 (51162768166).jpg,總統府,CC BY 2.0,https://commons.wikimedia.org/wiki/File%3A05.07_%E7%B8%BD%E7%B5%B1%E5%8F%83%E8%A8%AA%E3%80%8C%E5%8F%B0%E7%81%A3%E5%9C%8B%E5%AE%B6%E5%A9%A6%E5%A5%B3%E9%A4%A8%E3%80%8D_%2851162768166%29.jpg,https://thumb.wikimedia.org/wikipedia/commons/thumb/6/60/05.07_%E7%B8%BD%E7%B5%B1%E5%8F%83%E8%A8%AA%E3%80%8C%E5%8F%B0%E7%81%A3%E5%9C%8B%E5%AE%B6%E5%A9%A6%E5%A5%B3%E9%A4%A8%E3%80%8D_%2851162768166%29.jpg/960px-05.07_%E7%B8%BD%E7%B5%B1%E5%8F%83%E8%A8%AA%E3%80%8C%E5%8F%B0%E7%81%A3%E5%9C%8B%E5%AE%B6%E5%A9%A6%E5%A5%B3%E9%A4%A8%E3%80%8D_%2851162768166%29.jpg?utm_source=commons.wikimedia.org&utm_campaign=imageinfo&utm_content=thumbnail
furniture_001_File_05_07_51162768211.jpg,Category:Furniture,File:05.07 總統參訪「台灣國家婦女館」 (51162768211).jpg,總統府,CC BY 2.0,https://commons.wikimedia.org/wiki/File%3A05.07_%E7%B8%BD%E7%B5%B1%E5%8F%83%E8%A8%AA%E3%80%8C%E5%8F%B0%E7%81%A3%E5%9C%8B%E5%AE%B6%E5%A9%A6%E5%A5%B3%E9%A4%A8%E3%80%8D_%2851162768211%29.jpg,https://thumb.wikimedia.org/wikipedia/commons/thumb/8/89/05.07_%E7%B8%BD%E7%B5%B1%E5%8F%83%E8%A8%AA%E3%80%8C%E5%8F%B0%E7%81%A3%E5%9C%8B%E5%AE%B6%E5%A9%A6%E5%A5%B3%E9%A4%A8%E3%80%8D_%2851162768211%29.jpg/960px-05.07_%E7%B8%BD%E7%B5%B1%E5%8F%83%E8%A8%AA%E3%80%8C%E5%8F%B0%E7%81%A3%E5%9C%8B%E5%AE%B6%E5%A9%A6%E5%A5%B3%E9%A4%A8%E3%80%8D_%2851162768211%29.jpg?utm_source=commons.wikimedia.org&utm_campaign=imageinfo&utm_content=thumbnail
furniture_002_File_09_03_50299737843.jpg,Category:Furniture,File:09.03 總統追贈捷克共和國故參議長柯佳洛「特種大綬卿雲勳章」暨與現任參議長韋德齊會談 (50299737843).jpg,總統府,CC BY 2.0,https://commons.wikimedia.org/wiki/File%3A09.03_%E7%B8%BD%E7%B5%B1%E8%BF%BD%E8%B4%88%E6%8D%B7%E5%85%8B%E5%85%B1%E5%92%8C%E5%9C%8B%E6%95%85%E5%8F%83%E8%AD%B0%E9%95%B7%E6%9F%AF%E4%BD%B3%E6%B4%9B%E3%80%8C%E7%89%B9%E7%A8%AE%E5%A4%A7%E7%B6%AC%E5%8D%BF%E9%9B%B2%E5%8B%B3%E7%AB%A0%E3%80%8D%E6%9A%A8%E8%88%87%E7%8F%BE%E4%BB%BB%E5%8F%83%E8%AD%B0%E9%95%B7%E9%9F%8B%E5%BE%B7%E9%BD%8A%E6%9C%83%E8%AB%87_%2850299737843%29.jpg,https://thumb.wikimedia.org/wikipedia/commons/thumb/d/d6/09.03_%E7%B8%BD%E7%B5%B1%E8%BF%BD%E8%B4%88%E6%8D%B7%E5%85%8B%E5%85%B1%E5%92%8C%E5%9C%8B%E6%95%85%E5%8F%83%E8%AD%B0%E9%95%B7%E6%9F%AF%E4%BD%B3%E6%B4%9B%E3%80%8C%E7%89%B9%E7%A8%AE%E5%A4%A7%E7%B6%AC%E5%8D%BF%E9%9B%B2%E5%8B%B3%E7%AB%A0%E3%80%8D%E6%9A%A8%E8%88%87%E7%8F%BE%E4%BB%BB%E5%8F%83%E8%AD%B0%E9%95%B7%E9%9F%8B%E5%BE%B7%E9%BD%8A%E6%9C%83%E8%AB%87_%2850299737843%29.jpg/960px-09.03_%E7%B8%BD%E7%B5%B1%E8%BF%BD%E8%B4%88%E6%8D%B7%E5%85%8B%E5%85%B1%E5%92%8C%E5%9C%8B%E6%95%85%E5%8F%83%E8%AD%B0%E9%95%B7%E6%9F%AF%E4%BD%B3%E6%B4%9B%E3%80%8C%E7%89%B9%E7%A8%AE%E5%A4%A7%E7%B6%AC%E5%8D%BF%E9%9B%B2%E5%8B%B3%E7%AB%A0%E3%80%8D%E6%9A%A8%E8%88%87%E7%8F%BE%E4%BB%BB%E5%8F%83%E8%AD%B0%E9%95%B7%E9%9F%8B%E5%BE%B7%E9%BD%8A%E6%9C%83%E8%AB%87_%2850299737843%29.jpg?utm_source=commons.wikimedia.org&utm_campaign=imageinfo&utm_content=thumbnail
furniture_003_File_150229_ColourwithStorage_Scene1_output.jpg,Category:Furniture,File:150229-ColourwithStorage-Scene1 output.jpg,Ptcdoes1,CC BY-SA 4.0,https://commons.wikimedia.org/wiki/File%3A150229-ColourwithStorage-Scene1_output.jpg,https://thumb.wikimedia.org/wikipedia/commons/thumb/5/59/150229-ColourwithStorage-Scene1_output.jpg/960px-150229-ColourwithStorage-Scene1_output.jpg?utm_source=commons.wikimedia.org&utm_campaign=imageinfo&utm_content=thumbnail
furniture_004_File_19_charles_radtke_01_1.jpg,Category:Furniture,File:19-charles radtke-01 (1).jpg,Photography credit: Larry Sanders.,CC BY-SA 4.0,https://commons.wikimedia.org/wiki/File%3A19-charles_radtke-01_%281%29.jpg,https://upload.wikimedia.org/wikipedia/commons/3/3f/19-charles_radtke-01_%281%29.jpg?utm_source=commons.wikimedia.org&utm_campaign=imageinfo&utm_content=thumbnail_unscaled
furniture_005_File_1914_Annonce_Tischer_Amt_Hannover_Jalousie_Sc.jpg,Category:Furniture,File:1914 Annonce Tischer-Amt Hannover Jalousie-Schrank.jpg,Unknown authorUnknown author,Public domain,https://commons.wikimedia.org/wiki/File%3A1914_Annonce_Tischer-Amt_Hannover_Jalousie-Schrank.jpg,https://thumb.wikimedia.org/wikipedia/commons/thumb/7/70/1914_Annonce_Tischer-Amt_Hannover_Jalousie-Schrank.jpg/960px-1914_Annonce_Tischer-Amt_Hannover_Jalousie-Schrank.jpg?utm_source=commons.wikimedia.org&utm_campaign=imageinfo&utm_content=thumbnail
furniture_006_File_2_casual_days_4_2093866.jpg,Category:Furniture,File:2 casual days -4 (2093866).jpg,"s2art from Melbourne, Australia",CC BY-SA 2.0,https://commons.wikimedia.org/wiki/File%3A2_casual_days_-4_%282093866%29.jpg,https://thumb.wikimedia.org/wikipedia/commons/thumb/9/97/2_casual_days_-4_%282093866%29.jpg/960px-2_casual_days_-4_%282093866%29.jpg?utm_source=commons.wikimedia.org&utm_campaign=imageinfo&utm_content=thumbnail
furniture_007_File_2013.jpg,Category:Furniture,File:2013 Камод.jpg,Schibelbein,CC BY-SA 4.0,https://commons.wikimedia.org/wiki/File%3A2013_%D0%9A%D0%B0%D0%BC%D0%BE%D0%B4.jpg,https://thumb.wikimedia.org/wikipedia/commons/thumb/6/6a/2013_%D0%9A%D0%B0%D0%BC%D0%BE%D0%B4.jpg/960px-2013_%D0%9A%D0%B0%D0%BC%D0%BE%D0%B4.jpg?utm_source=commons.wikimedia.org&utm_campaign=imageinfo&utm_content=thumbnail
furniture_008_File_2016_Tibro_M_belutst_llning_Inredia.jpg,Category:Furniture,File:2016 Tibro Möbelutställning Inredia.jpg,Jernchar,CC BY-SA 4.0,https://commons.wikimedia.org/wiki/File%3A2016_Tibro_M%C3%B6belutst%C3%A4llning_Inredia.jpg,https://thumb.wikimedia.org/wikipedia/commons/thumb/f/fe/2016_Tibro_M%C3%B6belutst%C3%A4llning_Inredia.jpg/960px-2016_Tibro_M%C3%B6belutst%C3%A4llning_Inredia.jpg?utm_source=commons.wikimedia.org&utm_campaign=imageinfo&utm_content=thumbnail
furniture_009_File_2017_09_10_Segnung_Feuerwehrhaus_und_Musikerh.jpg,Category:Furniture,File:2017-09-10 Segnung Feuerwehrhaus und Musikerheim St. Georgen an der Leys (148).jpg,GT1976,CC BY-SA 4.0,https://commons.wikimedia.org/wiki/File%3A2017-09-10_Segnung_Feuerwehrhaus_und_Musikerheim_St._Georgen_an_der_Leys_%28148%29.jpg,https://thumb.wikimedia.org/wikipedia/commons/thumb/3/30/2017-09-10_Segnung_Feuerwehrhaus_und_Musikerheim_St._Georgen_an_der_Leys_%28148%29.jpg/960px-2017-09-10_Segnung_Feuerwehrhaus_und_Musikerheim_St._Georgen_an_der_Leys_%28148%29.jpg?utm_source=commons.wikimedia.org&utm_campaign=imageinfo&utm_content=thumbnail
furniture_010_File_2018_Sekret_r.jpg,Category:Furniture,File:2018 Sekretär.jpg,Schibelbein,CC BY-SA 4.0,https://commons.wikimedia.org/wiki/File%3A2018_Sekret%C3%A4r.jpg,https://thumb.wikimedia.org/wikipedia/commons/thumb/6/61/2018_Sekret%C3%A4r.jpg/960px-2018_Sekret%C3%A4r.jpg?utm_source=commons.wikimedia.org&utm_campaign=imageinfo&utm_content=thumbnail
furniture_011_File_2019_05_02_IMG_161413_33887625418.jpg,Category:Furniture,File:2019 05 02 IMG 161413 (33887625418).jpg,"János Korom Dr. &gt;17 Million views from Wien, Austria",CC BY-SA 2.0,https://commons.wikimedia.org/wiki/File%3A2019_05_02_IMG_161413_%2833887625418%29.jpg,https://thumb.wikimedia.org/wikipedia/commons/thumb/6/6a/2019_05_02_IMG_161413_%2833887625418%29.jpg/960px-2019_05_02_IMG_161413_%2833887625418%29.jpg?utm_source=commons.wikimedia.org&utm_campaign=imageinfo&utm_content=thumbnail
furniture_012_File_2019_05_03_IMG_143722_47764548011.jpg,Category:Furniture,File:2019 05 03 IMG 143722 (47764548011).jpg,"János Korom Dr. &gt;17 Million views from Wien, Austria",CC BY-SA 2.0,https://commons.wikimedia.org/wiki/File%3A2019_05_03_IMG_143722_%2847764548011%29.jpg,https://thumb.wikimedia.org/wikipedia/commons/thumb/b/b0/2019_05_03_IMG_143722_%2847764548011%29.jpg/960px-2019_05_03_IMG_143722_%2847764548011%29.jpg?utm_source=commons.wikimedia.org&utm_campaign=imageinfo&utm_content=thumbnail
furniture_013_File_20210207_Chudong_Junior_High_x_Wiki_Workshop.jpg,Category:Furniture,File:20210207 Chudong Junior High x Wiki Workshop 53.jpg,Isocyclo,CC BY-SA 4.0,https://commons.wikimedia.org/wiki/File%3A20210207_Chudong_Junior_High_x_Wiki_Workshop_53.jpg,https://thumb.wikimedia.org/wikipedia/commons/thumb/1/17/20210207_Chudong_Junior_High_x_Wiki_Workshop_53.jpg/960px-20210207_Chudong_Junior_High_x_Wiki_Workshop_53.jpg?utm_source=commons.wikimedia.org&utm_campaign=imageinfo&utm_content=thumbnail
textiles_000_File_Ant_ka_Meli_witran_mapu_el_sol_y_los_cuatro_p.jpg,Category:Textiles,"File:""Antü ka Meli witran mapu"" (el sol y los cuatro puntos cardinales, cosmovisión mapuche).jpg",Lorena Lemunguier Quezada,CC BY-SA 3.0,https://commons.wikimedia.org/wiki/File%3A%22Ant%C3%BC_ka_Meli_witran_mapu%22_%28el_sol_y_los_cuatro_puntos_cardinales%2C_cosmovisi%C3%B3n_mapuche%29.jpg,https://upload.wikimedia.org/wikipedia/commons/b/b8/%22Ant%C3%BC_ka_Meli_witran_mapu%22_%28el_sol_y_los_cuatro_puntos_cardinales%2C_cosmovisi%C3%B3n_mapuche%29.jpg?utm_source=commons.wikimedia.org&utm_campaign=imageinfo&utm_content=thumbnail_unscaled
textiles_001_File_Sumpall_mujer_pez_ser_mitol_gico_mapuche.jpg,Category:Textiles,"File:""Sumpall"" (mujer pez, ser mitológico mapuche).jpg",Lorena Lemunguier Quezada,CC BY-SA 3.0,https://commons.wikimedia.org/wiki/File%3A%22Sumpall%22_%28mujer_pez%2C_ser_mitol%C3%B3gico_mapuche%29.jpg,https://upload.wikimedia.org/wikipedia/commons/0/07/%22Sumpall%22_%28mujer_pez%2C_ser_mitol%C3%B3gico_mapuche%29.jpg?utm_source=commons.wikimedia.org&utm_campaign=imageinfo&utm_content=thumbnail_unscaled
textiles_002_File_365photo_25991717420.jpg,Category:Textiles,File:-365photo (25991717420).jpg,terri_bateman,CC BY 2.0,https://commons.wikimedia.org/wiki/File%3A-365photo_%2825991717420%29.jpg,https://upload.wikimedia.org/wikipedia/commons/6/64/-365photo_%2825991717420%29.jpg?utm_source=commons.wikimedia.org&utm_campaign=imageinfo&utm_content=thumbnail_unscaled
textiles_003_File_003_WD_Textile_about_2.jpg,Category:Textiles,File:003-WD-Textile-about (2).jpg,Ilona Ostrovska,CC BY-SA 4.0,https://commons.wikimedia.org/wiki/File%3A003-WD-Textile-about_%282%29.jpg,https://thumb.wikimedia.org/wikipedia/commons/thumb/c/cd/003-WD-Textile-about_%282%29.jpg/960px-003-WD-Textile-about_%282%29.jpg?utm_source=commons.wikimedia.org&utm_campaign=imageinfo&utm_content=thumbnail
textiles_004_File_1954_778_web.jpg,Category:Textiles,File:1954.778 web.jpg,Unknown authorUnknown author,CC0,https://commons.wikimedia.org/wiki/File%3A1954.778_web.jpg,https://upload.wikimedia.org/wikipedia/commons/5/53/1954.778_web.jpg?utm_source=commons.wikimedia.org&utm_campaign=imageinfo&utm_content=thumbnail_unscaled
textiles_005_File_1956_Dodge_La_Femme_Gold_Flecked_Fabric_Close.jpg,Category:Textiles,File:1956 Dodge La Femme Gold-Flecked Fabric Close-Up.jpg,Tony Lindsey,CC BY-SA 4.0,https://commons.wikimedia.org/wiki/File%3A1956_Dodge_La_Femme_Gold-Flecked_Fabric_Close-Up.jpg,https://thumb.wikimedia.org/wikipedia/commons/thumb/b/b8/1956_Dodge_La_Femme_Gold-Flecked_Fabric_Close-Up.jpg/960px-1956_Dodge_La_Femme_Gold-Flecked_Fabric_Close-Up.jpg?utm_source=commons.wikimedia.org&utm_campaign=imageinfo&utm_content=thumbnail
textiles_006_File_2000_sarte.jpg,Category:Textiles,File:2000 sarte.jpg,RosannaCrocco09,CC BY-SA 4.0,https://commons.wikimedia.org/wiki/File%3A2000_sarte.jpg,https://upload.wikimedia.org/wikipedia/commons/d/d9/2000_sarte.jpg?utm_source=commons.wikimedia.org&utm_campaign=imageinfo&utm_content=thumbnail_unscaled
textiles_007_File_2004_12_24_Kar_csony_165_51062160442.jpg,Category:Textiles,File:2004 12 24 Karácsony 165 (51062160442).jpg,"János Korom Dr. &gt;17 Million views from Wien, Austria",CC BY-SA 2.0,https://commons.wikimedia.org/wiki/File%3A2004_12_24_Kar%C3%A1csony_165_%2851062160442%29.jpg,https://thumb.wikimedia.org/wikipedia/commons/thumb/6/68/2004_12_24_Kar%C3%A1csony_165_%2851062160442%29.jpg/960px-2004_12_24_Kar%C3%A1csony_165_%2851062160442%29.jpg?utm_source=commons.wikimedia.org&utm_campaign=imageinfo&utm_content=thumbnail
textiles_008_File_2013_03_05_Geneva_Motor_Show_7864.jpg,Category:Textiles,File:2013-03-05 Geneva Motor Show 7864.JPG,"Norbert Aepli, Switzerland (User:Noebu)",CC BY 3.0,https://commons.wikimedia.org/wiki/File%3A2013-03-05_Geneva_Motor_Show_7864.JPG,https://thumb.wikimedia.org/wikipedia/commons/thumb/c/c4/2013-03-05_Geneva_Motor_Show_7864.JPG/960px-2013-03-05_Geneva_Motor_Show_7864.JPG?utm_source=commons.wikimedia.org&utm_campaign=imageinfo&utm_content=thumbnail
textiles_009_File_20230729_132518_Printed_fabrics.jpg,Category:Textiles,File:20230729 132518 Printed fabrics.jpg,Gayest Frogs,CC BY-SA 4.0,https://commons.wikimedia.org/wiki/File%3A20230729_132518_Printed_fabrics.jpg,https://thumb.wikimedia.org/wikipedia/commons/thumb/6/66/20230729_132518_Printed_fabrics.jpg/960px-20230729_132518_Printed_fabrics.jpg?utm_source=commons.wikimedia.org&utm_campaign=imageinfo&utm_content=thumbnail
textiles_010_File_2025_04_30_Maimarkt_MA_019.jpg,Category:Textiles,File:2025-04-30 Maimarkt MA 019.jpg,"Ahmet Düz, Dreiländer- &amp; Oberrheinfotograf",CC BY-SA 4.0,https://commons.wikimedia.org/wiki/File%3A2025-04-30_Maimarkt_MA_019.jpg,https://thumb.wikimedia.org/wikipedia/commons/thumb/9/95/2025-04-30_Maimarkt_MA_019.jpg/960px-2025-04-30_Maimarkt_MA_019.jpg?utm_source=commons.wikimedia.org&utm_campaign=imageinfo&utm_content=thumbnail
textiles_011_File_52_105_Ottoman_149030139.jpg,Category:Textiles,File:52 105 Ottoman (149030139).jpeg,Matthew Bellemare,CC BY-SA 3.0,https://commons.wikimedia.org/wiki/File%3A52_105_Ottoman_%28149030139%29.jpeg,https://thumb.wikimedia.org/wikipedia/commons/thumb/b/be/52_105_Ottoman_%28149030139%29.jpeg/960px-52_105_Ottoman_%28149030139%29.jpeg?utm_source=commons.wikimedia.org&utm_campaign=imageinfo&utm_content=thumbnail
textiles_012_File_9507D_01_Acervo_do_Museu_Paulista_da_USP.jpg,Category:Textiles,"File:9507D - 01, Acervo do Museu Paulista da USP.jpg",José Rosael/HélioNobre/Museu Paulista da USP,Public domain,https://commons.wikimedia.org/wiki/File%3A9507D_-_01%2C_Acervo_do_Museu_Paulista_da_USP.jpg,https://upload.wikimedia.org/wikipedia/commons/2/22/9507D_-_01%2C_Acervo_do_Museu_Paulista_da_USP.jpg?utm_source=commons.wikimedia.org&utm_campaign=imageinfo&utm_content=thumbnail_unscaled
textiles_013_File_A_decorated_Nok_head_truck_at_SK_Fest_2024_01.jpg,Category:Textiles,File:A decorated Nok head truck at SK Fest 2024 01.jpg,Kambai Akau,CC BY-SA 4.0,https://commons.wikimedia.org/wiki/File%3AA_decorated_Nok_head_truck_at_SK_Fest_2024_01.jpg,https://thumb.wikimedia.org/wikipedia/commons/thumb/7/79/A_decorated_Nok_head_truck_at_SK_Fest_2024_01.jpg/960px-A_decorated_Nok_head_truck_at_SK_Fest_2024_01.jpg?utm_source=commons.wikimedia.org&utm_campaign=imageinfo&utm_content=thumbnail
trees_000_File_Alone_Again.jpg,Category:Trees,"File:""Alone Again"".jpg",YourLocalFloridian,CC BY-SA 4.0,https://commons.wikimedia.org/wiki/File%3A%22Alone_Again%22.jpg,https://thumb.wikimedia.org/wikipedia/commons/thumb/6/66/%22Alone_Again%22.jpg/960px-%22Alone_Again%22.jpg?utm_source=commons.wikimedia.org&utm_campaign=imageinfo&utm_content=thumbnail
trees_001_File_Cervidae_resting.jpg,Category:Trees,"File:""Cervidae resting"".jpg",Omar García,CC0,https://commons.wikimedia.org/wiki/File%3A%22Cervidae_resting%22.jpg,https://thumb.wikimedia.org/wikipedia/commons/thumb/a/a3/%22Cervidae_resting%22.jpg/960px-%22Cervidae_resting%22.jpg?utm_source=commons.wikimedia.org&utm_campaign=imageinfo&utm_content=thumbnail
trees_002_File_Een_boom_in_de_herfst.jpg,Category:Trees,"File:""Een boom in de herfst."".jpg",Wann1,CC BY-SA 4.0,https://commons.wikimedia.org/wiki/File%3A%22Een_boom_in_de_herfst.%22.jpg,https://upload.wikimedia.org/wikipedia/commons/e/eb/%22Een_boom_in_de_herfst.%22.jpg?utm_source=commons.wikimedia.org&utm_campaign=imageinfo&utm_content=thumbnail_unscaled
trees_003_File_Nature_s_mosaic_Apr_22.jpg,Category:Trees,"File:""Nature's mosaic"" - Apr 22.jpg",Thevoid968,CC BY 4.0,https://commons.wikimedia.org/wiki/File%3A%22Nature%27s_mosaic%22_-_Apr_22.jpg,https://thumb.wikimedia.org/wikipedia/commons/thumb/d/d9/%22Nature%27s_mosaic%22_-_Apr_22.jpg/960px-%22Nature%27s_mosaic%22_-_Apr_22.jpg?utm_source=commons.wikimedia.org&utm_campaign=imageinfo&utm_content=thumbnail
trees_004_File_Spook_Rock_postcard_in_Butler_NJ_along_a_pave.jpg,Category:Trees,"File:""Spook Rock"" postcard, in Butler NJ, along a paved path, cancelled June 20, 1907 10 AM, possibly credited to S. E. Estler - front.png",S. E. Estler https://www.usgenwebsites.org/NJMorris/biographies/lewisbios/estlerse.htm,Public domain,https://commons.wikimedia.org/wiki/File%3A%22Spook_Rock%22_postcard%2C_in_Butler_NJ%2C_along_a_paved_path%2C_cancelled_June_20%2C_1907_10_AM%2C_possibly_credited_to_S._E._Estler_-_front.png,https://thumb.wikimedia.org/wikipedia/commons/thumb/0/0d/%22Spook_Rock%22_postcard%2C_in_Butler_NJ%2C_along_a_paved_path%2C_cancelled_June_20%2C_1907_10_AM%2C_possibly_credited_to_S._E._Estler_-_front.png/960px-%22Spook_Rock%22_postcard%2C_in_Butler_NJ%2C_along_a_paved_path%2C_cancelled_June_20%2C_1907_10_AM%2C_possibly_credited_to_S._E._Estler_-_front.png?utm_source=commons.wikimedia.org&utm_campaign=imageinfo&utm_content=thumbnail
trees_005_File_This_tree_is_very_beneficial_and_important_to.jpg,Category:Trees,"File:""This tree is very beneficial and important to humans."".jpg",সাব্বির আহ্মাদ,CC BY-SA 4.0,https://commons.wikimedia.org/wiki/File%3A%22This_tree_is_very_beneficial_and_important_to_humans.%22.jpg,https://thumb.wikimedia.org/wikipedia/commons/thumb/5/56/%22This_tree_is_very_beneficial_and_important_to_humans.%22.jpg/960px-%22This_tree_is_very_beneficial_and_important_to_humans.%22.jpg?utm_source=commons.wikimedia.org&utm_campaign=imageinfo&utm_content=thumbnail
trees_006_File_tree_veins.jpg,Category:Trees,"File:""tree veins"".png",Dpraleigh,CC0,https://commons.wikimedia.org/wiki/File%3A%22tree_veins%22.png,https://thumb.wikimedia.org/wikipedia/commons/thumb/6/69/%22tree_veins%22.png/960px-%22tree_veins%22.png?utm_source=commons.wikimedia.org&utm_campaign=imageinfo&utm_content=thumbnail
trees_007_File_WYBUCH_WIOSNY_panoramio.jpg,Category:Trees,"File:""WYBUCH"" WIOSNY. - panoramio.jpg",Erebusso.,CC BY-SA 3.0,https://commons.wikimedia.org/wiki/File%3A%22WYBUCH%22_WIOSNY._-_panoramio.jpg,https://thumb.wikimedia.org/wikipedia/commons/thumb/9/99/%22WYBUCH%22_WIOSNY._-_panoramio.jpg/960px-%22WYBUCH%22_WIOSNY._-_panoramio.jpg?utm_source=commons.wikimedia.org&utm_campaign=imageinfo&utm_content=thumbnail
trees_008_File_2022_May_13th_Park.jpg,Category:Trees,File:(2022) - May 13th Park.jpg,LeonaardoG,CC BY-SA 4.0,https://commons.wikimedia.org/wiki/File%3A%282022%29_-_May_13th_Park.jpg,https://thumb.wikimedia.org/wikipedia/commons/thumb/c/c8/%282022%29_-_May_13th_Park.jpg/960px-%282022%29_-_May_13th_Park.jpg?utm_source=commons.wikimedia.org&utm_campaign=imageinfo&utm_content=thumbnail
trees_009_File_2022_06_16_Parque_13_de_Maio_Recife_PE.jpg,Category:Trees,"File:(2022-06-16) Parque 13 de Maio, Recife - (PE).jpg",LeonaardoG,CC BY-SA 4.0,https://commons.wikimedia.org/wiki/File%3A%282022-06-16%29_Parque_13_de_Maio%2C_Recife_-_%28PE%29.jpg,https://thumb.wikimedia.org/wikipedia/commons/thumb/d/d4/%282022-06-16%29_Parque_13_de_Maio%2C_Recife_-_%28PE%29.jpg/960px-%282022-06-16%29_Parque_13_de_Maio%2C_Recife_-_%28PE%29.jpg?utm_source=commons.wikimedia.org&utm_campaign=imageinfo&utm_content=thumbnail
trees_010_File_panoramio_5626.jpg,Category:Trees,File:- panoramio (5626).jpg,Дмитрий Cкляренко,CC BY 3.0,https://commons.wikimedia.org/wiki/File%3A-_panoramio_%285626%29.jpg,https://thumb.wikimedia.org/wikipedia/commons/thumb/b/b5/-_panoramio_%285626%29.jpg/960px--_panoramio_%285626%29.jpg?utm_source=commons.wikimedia.org&utm_campaign=imageinfo&utm_content=thumbnail
trees_011_File_panoramio_935.jpg,Category:Trees,File:- panoramio (935).jpg,Richard Leneau,CC BY-SA 3.0,https://commons.wikimedia.org/wiki/File%3A-_panoramio_%28935%29.jpg,https://thumb.wikimedia.org/wikipedia/commons/thumb/d/d7/-_panoramio_%28935%29.jpg/960px--_panoramio_%28935%29.jpg?utm_source=commons.wikimedia.org&utm_campaign=imageinfo&utm_content=thumbnail
trees_012_File_panoramio_937.jpg,Category:Trees,File:- panoramio (937).jpg,Richard Leneau,CC BY-SA 3.0,https://commons.wikimedia.org/wiki/File%3A-_panoramio_%28937%29.jpg,https://thumb.wikimedia.org/wikipedia/commons/thumb/a/a8/-_panoramio_%28937%29.jpg/960px--_panoramio_%28937%29.jpg?utm_source=commons.wikimedia.org&utm_campaign=imageinfo&utm_content=thumbnail
trees_013_File_panoramio_950.jpg,Category:Trees,File:- panoramio (950).jpg,Richard Leneau,CC BY-SA 3.0,https://commons.wikimedia.org/wiki/File%3A-_panoramio_%28950%29.jpg,https://thumb.wikimedia.org/wikipedia/commons/thumb/b/b2/-_panoramio_%28950%29.jpg/960px--_panoramio_%28950%29.jpg?utm_source=commons.wikimedia.org&utm_campaign=imageinfo&utm_content=thumbnail
