id,title,author,license,license_url,source_page,original_id,modifications,label,split,group,sha256
commons_3746702,File:030608 Pupil.jpg,Ylem,Public domain,,https://commons.wikimedia.org/wiki/File%3A030608_Pupil.jpg,3746702,Commons thumbnail; EXIF transpose; RGB; maximum 800px; JPEG quality 95,0,train,commons_3746702,bc5699c844b848e27f8a9fd0039b43aa8f2b611ceea310daf5635d9b053e9e2c
commons_33161519,File:7842 test iniziali 04.jpg,Gianfranco Passuello,CC BY-SA 3.0,https://creativecommons.org/licenses/by-sa/3.0,https://commons.wikimedia.org/wiki/File%3A7842_test_iniziali_04.jpg,33161519,Commons thumbnail; EXIF transpose; RGB; maximum 800px; JPEG quality 95,0,train,commons_33161519,f7e9a61838e2104c344693ecb3011c995d2e1c6afdd55ff1410a407ab6e6559d
commons_1944750,File:A blue eye.jpg,8thstar at English Wikipedia.,CC BY-SA 3.0,http://creativecommons.org/licenses/by-sa/3.0/,https://commons.wikimedia.org/wiki/File%3AA_blue_eye.jpg,1944750,Commons thumbnail; EXIF transpose; RGB; maximum 800px; JPEG quality 95,0,train,commons_1944750,72fb7bfa3374780f0ad82fbda95979a1d16832c7f9ebd1f5b4f8269aa682d834
commons_181331444,File:A human male brown eye.jpg,Bobbyphotographer,CC0,http://creativecommons.org/publicdomain/zero/1.0/deed.en,https://commons.wikimedia.org/wiki/File%3AA_human_male_brown_eye.jpg,181331444,Commons thumbnail; EXIF transpose; RGB; maximum 800px; JPEG quality 95,0,train,commons_181331444,bc6a66ce7be7d16a89beb8f7a7ec2bb18f78c1f2a1aa6bf652afa8a6ac412d83
commons_105271363,File:AmberEye.jpg,Samb7293,CC0,http://creativecommons.org/publicdomain/zero/1.0/deed.en,https://commons.wikimedia.org/wiki/File%3AAmberEye.jpg,105271363,Commons thumbnail; EXIF transpose; RGB; maximum 800px; JPEG quality 95,0,test,commons_31091784,ebeee1b9bfd0916837544222d83c56dcfae73bf52abd81778ce1d417ae547ad9
commons_16812670,File:Amber Brown Eye.jpg,Manicjedi,CC BY-SA 3.0,https://creativecommons.org/licenses/by-sa/3.0,https://commons.wikimedia.org/wiki/File%3AAmber_Brown_Eye.jpg,16812670,Commons thumbnail; EXIF transpose; RGB; maximum 800px; JPEG quality 95,0,train,commons_16812670,8a5cb420205cb9c5cc062c08a5491fc635ad55c722251d51ba8d816fd35222b4
commons_16812864,File:Amber Brown Green.jpg,Manicjedi,CC BY-SA 3.0,https://creativecommons.org/licenses/by-sa/3.0,https://commons.wikimedia.org/wiki/File%3AAmber_Brown_Green.jpg,16812864,Commons thumbnail; EXIF transpose; RGB; maximum 800px; JPEG quality 95,0,train,commons_16812864,112319fb6fabf3112edf4d916778216f99a64b7c53c9d8bb56ee1ef8bdf82ea7
commons_37295711,File:Anangrygreygreeneye.JPG,Wrenchrox,CC BY-SA 4.0,https://creativecommons.org/licenses/by-sa/4.0,https://commons.wikimedia.org/wiki/File%3AAnangrygreygreeneye.JPG,37295711,Commons thumbnail; EXIF transpose; RGB; maximum 800px; JPEG quality 95,0,train,commons_37295711,83da16c9984a3dbeb9afc6c3f93d7745b58b996bff3f9546fe116fcb0841b2b8
commons_59291092,File:Anterior subcapsular cataract.jpg,Imrankabirhossain,CC BY-SA 4.0,https://creativecommons.org/licenses/by-sa/4.0,https://commons.wikimedia.org/wiki/File%3AAnterior_subcapsular_cataract.jpg,59291092,Commons thumbnail; EXIF transpose; RGB; maximum 800px; JPEG quality 95,1,test,commons_59291092,04d66e9cde1c6f1c02c05de84fb289e9ecc8f85acc515bb68982560028c4815c
commons_15742803,File:Anthony's Green Brown Iris.jpg,Mobentec,CC BY-SA 3.0,https://creativecommons.org/licenses/by-sa/3.0,https://commons.wikimedia.org/wiki/File%3AAnthony%27s_Green_Brown_Iris.jpg,15742803,Commons thumbnail; EXIF transpose; RGB; maximum 800px; JPEG quality 95,0,val,commons_15742803,b8b23ca7241636d2d79be690d408fac27eb927406a055b707cbe260f0764b8a5
commons_19472208,File:AugeMeiniges2.jpg,Hutson,CC BY-SA 3.0,http://creativecommons.org/licenses/by-sa/3.0/,https://commons.wikimedia.org/wiki/File%3AAugeMeiniges2.jpg,19472208,Commons thumbnail; EXIF transpose; RGB; maximum 800px; JPEG quality 95,0,train,commons_19472208,83e31b029825d4fafe2ac934723d20930c26972dc89028a62f8f62ea9f002311
commons_26428937,File:Auge Böhringer A 1.JPG,"Feel free to use my photos, but please mention me as the author and if you want send me a message. or (rufre@lenz-nenning.at)",CC BY-SA 3.0 at,https://creativecommons.org/licenses/by-sa/3.0/at/deed.en,https://commons.wikimedia.org/wiki/File%3AAuge_B%C3%B6hringer_A_1.JPG,26428937,Commons thumbnail; EXIF transpose; RGB; maximum 800px; JPEG quality 95,0,train,commons_26428937,da4b51917e33c77da470b44c08b8c844ae7781ef49338983d2c816300e4c87e7
commons_26428965,File:Auge Böhringer A 2.JPG,"Feel free to use my photos, but please mention me as the author and if you want send me a message. or (rufre@lenz-nenning.at)",CC BY-SA 3.0 at,https://creativecommons.org/licenses/by-sa/3.0/at/deed.en,https://commons.wikimedia.org/wiki/File%3AAuge_B%C3%B6hringer_A_2.JPG,26428965,Commons thumbnail; EXIF transpose; RGB; maximum 800px; JPEG quality 95,0,train,commons_26428965,756c5e540f6bd42b199859d015fb0ce312a5c4b8032542f89e1bd5669e6bba41
commons_8454146,File:Bloodshot EyeBall.jpg,Psychonaught,Public domain,,https://commons.wikimedia.org/wiki/File%3ABloodshot_EyeBall.jpg,8454146,Commons thumbnail; EXIF transpose; RGB; maximum 800px; JPEG quality 95,0,train,commons_8454146,ec9d5473249d4f4cdd52487c92fef0be7108309dafc506ced3ec0222f91fbdcd
commons_22281525,File:Blue-green eye closeup.JPG,Larali21,CC BY-SA 3.0,https://creativecommons.org/licenses/by-sa/3.0,https://commons.wikimedia.org/wiki/File%3ABlue-green_eye_closeup.JPG,22281525,Commons thumbnail; EXIF transpose; RGB; maximum 800px; JPEG quality 95,0,train,commons_22281525,2f8781eaf989e21b181917ba36813a6465fb68c73224828832cdbb7c7b2ec845
commons_19329859,File:Blue Eye Boy.jpg,Randen Pederson,CC BY 2.0,https://creativecommons.org/licenses/by/2.0,https://commons.wikimedia.org/wiki/File%3ABlue_Eye_Boy.jpg,19329859,Commons thumbnail; EXIF transpose; RGB; maximum 800px; JPEG quality 95,0,val,commons_19329859,b81e27dcc613325c893de53a6ddadf4965353ed3390cb65a7cf7ee1aff4f84ec
commons_745351,File:Blue eye.jpg,"Steve Jurvetson from Menlo Park, USA",CC BY 2.0,https://creativecommons.org/licenses/by/2.0,https://commons.wikimedia.org/wiki/File%3ABlue_eye.jpg,745351,Commons thumbnail; EXIF transpose; RGB; maximum 800px; JPEG quality 95,0,train,commons_745351,0f874b36818241bffbea43f02e80052a9d41e8467241815ea32fbd92763d085f
commons_174014874,File:Blue eye (cropped).jpg,"Steve Jurvetson from Menlo Park, USA",CC BY 2.0,https://creativecommons.org/licenses/by/2.0,https://commons.wikimedia.org/wiki/File%3ABlue_eye_%28cropped%29.jpg,174014874,Commons thumbnail; EXIF transpose; RGB; maximum 800px; JPEG quality 95,0,train,commons_174014874,128cb03bc8c9359f4bb094e2780155384b2c798cfb208407bd843cdae17f4e1d
commons_4636741,File:Blue eye Stephen.png,The original uploader was Stef48 at French Wikipedia.,CC BY-SA 2.0 fr,https://creativecommons.org/licenses/by-sa/2.0/fr/deed.en,https://commons.wikimedia.org/wiki/File%3ABlue_eye_Stephen.png,4636741,Commons thumbnail; EXIF transpose; RGB; maximum 800px; JPEG quality 95,0,train,commons_4636741,3dbdd97302fa742f3af7c2f00c6eb57219ecd4bdfcc0184008b958f219ca6848
commons_59916528,File:Blue eye limbal ring.jpg,Cat the Archangel,CC BY-SA 4.0,https://creativecommons.org/licenses/by-sa/4.0,https://commons.wikimedia.org/wiki/File%3ABlue_eye_limbal_ring.jpg,59916528,Commons thumbnail; EXIF transpose; RGB; maximum 800px; JPEG quality 95,0,val,commons_59916528,b982737d1994eab792bbcbcdd5c2a3e43553c55724136bebb357b3f7d5b738dc
commons_53609370,File:Blue green eyes with central heterochromia.jpg,AlexandraS1967,CC BY-SA 4.0,https://creativecommons.org/licenses/by-sa/4.0,https://commons.wikimedia.org/wiki/File%3ABlue_green_eyes_with_central_heterochromia.jpg,53609370,Commons thumbnail; EXIF transpose; RGB; maximum 800px; JPEG quality 95,0,train,commons_53609370,7480cee8aa6e11d8acd123c1e1ce302065ab126a4cacb0e8f2818496dda8657c
commons_10778333,File:Blueye.png,Gberji fgerui0gb,Public domain,,https://commons.wikimedia.org/wiki/File%3ABlueye.png,10778333,Commons thumbnail; EXIF transpose; RGB; maximum 800px; JPEG quality 95,0,train,commons_10778333,38a7ca7d99f55518c21c442a39350a68d894afffe35cb12a15895d63700320e6
commons_28744218,File:BrightBlueEyes.JPG,Lacobrigo,CC BY-SA 3.0,https://creativecommons.org/licenses/by-sa/3.0,https://commons.wikimedia.org/wiki/File%3ABrightBlueEyes.JPG,28744218,Commons thumbnail; EXIF transpose; RGB; maximum 800px; JPEG quality 95,0,train,commons_28744218,08ec57a1a75253a1b1e28efbe0acc6896623d88f81b76c90ef1018fcc0c3d24b
commons_75050998,File:Bright green eye.png,Ilanno,CC BY-SA 4.0,https://creativecommons.org/licenses/by-sa/4.0,https://commons.wikimedia.org/wiki/File%3ABright_green_eye.png,75050998,Commons thumbnail; EXIF transpose; RGB; maximum 800px; JPEG quality 95,0,train,commons_75050998,0312d7a22511fd4380b1bb2df4dbfa5f6d7c6e02de87c324c244ef8bcff3b31d
commons_19343376,File:Brunescent cataract.jpg,Philipp Franko Zeitz,CC BY-SA 3.0,https://creativecommons.org/licenses/by-sa/3.0,https://commons.wikimedia.org/wiki/File%3ABrunescent_cataract.jpg,19343376,Commons thumbnail; EXIF transpose; RGB; maximum 800px; JPEG quality 95,1,test,commons_19343376,fdb222154d5ee69a871c9cc87164ee0ee658ab5faa57bef013394dba5b477a00
commons_23890228,File:Castle using eye for wide angle lens.jpg,D L,CC BY-SA 2.0,https://creativecommons.org/licenses/by-sa/2.0,https://commons.wikimedia.org/wiki/File%3ACastle_using_eye_for_wide_angle_lens.jpg,23890228,Commons thumbnail; EXIF transpose; RGB; maximum 800px; JPEG quality 95,0,val,commons_23890228,a1ae3277ce80706017c1f90bee14d1a20d195ec34ed3705f9384df77d6bd7c55
commons_966501,File:Cataract in human eye.png,"Rakesh Ahuja, MD",CC BY-SA 3.0,http://creativecommons.org/licenses/by-sa/3.0/,https://commons.wikimedia.org/wiki/File%3ACataract_in_human_eye.png,966501,Commons thumbnail; EXIF transpose; RGB; maximum 800px; JPEG quality 95,1,train,commons_966501,3ac9605e68e843f57dff5f68dd7e0b35b29d4cba423dde130dc0131ea7902777
commons_64925532,File:Cataracta avansata.jpg,Diaconu Paul,CC BY-SA 4.0,https://creativecommons.org/licenses/by-sa/4.0,https://commons.wikimedia.org/wiki/File%3ACataracta_avansata.jpg,64925532,Commons thumbnail; EXIF transpose; RGB; maximum 800px; JPEG quality 95,1,train,commons_64925532,1a72470b324d235679f3f930cdc98e7ac29f91f19c952e5955e84c453dd944a8
commons_64925362,File:Cataracta avansata alba 3.jpg,Diaconu Paul,CC BY-SA 4.0,https://creativecommons.org/licenses/by-sa/4.0,https://commons.wikimedia.org/wiki/File%3ACataracta_avansata_alba_3.jpg,64925362,Commons thumbnail; EXIF transpose; RGB; maximum 800px; JPEG quality 95,1,train,commons_64925362,2218b0cf1d4b74724297a926f0fdda4cf3e344d97ec51d549ad6510143ad8a9a
commons_82905941,File:Cataracte Corticale.png,Yoanmb,CC BY-SA 4.0,https://creativecommons.org/licenses/by-sa/4.0,https://commons.wikimedia.org/wiki/File%3ACataracte_Corticale.png,82905941,Commons thumbnail; EXIF transpose; RGB; maximum 800px; JPEG quality 95,1,test,commons_82905941,6f86282fcc883905a791cabf1e0a599101dcff09183a62f5d9eb1ccfef52d3ab
commons_821959,File:Cataracts due to Congenital Rubella Syndrome (CRS) PHIL 4284 lores.jpg,,Public domain,,https://commons.wikimedia.org/wiki/File%3ACataracts_due_to_Congenital_Rubella_Syndrome_%28CRS%29_PHIL_4284_lores.jpg,821959,Commons thumbnail; EXIF transpose; RGB; maximum 800px; JPEG quality 95,1,train,commons_821959,e2b77d51cfe45ab2d51598ecfba7137b11590e590ce21dd7c693d2ff7f481c2e
commons_65786841,File:Cataratta avanzata.jpg,Levai Lehar,CC BY-SA 4.0,https://creativecommons.org/licenses/by-sa/4.0,https://commons.wikimedia.org/wiki/File%3ACataratta_avanzata.jpg,65786841,Commons thumbnail; EXIF transpose; RGB; maximum 800px; JPEG quality 95,1,train,commons_65786841,ba72d837b85127e562a7458afbb63f53d0c0f33d890fec40c6f5048c42c71290
commons_33202972,"File:Central Heterochromia, Blue & Yellow Eye.jpg",Mutasim0hourani,CC BY-SA 3.0,https://creativecommons.org/licenses/by-sa/3.0,https://commons.wikimedia.org/wiki/File%3ACentral_Heterochromia%2C_Blue_%26_Yellow_Eye.jpg,33202972,Commons thumbnail; EXIF transpose; RGB; maximum 800px; JPEG quality 95,0,test,commons_33202972,9e1d8a465dfd69534d0a6884cc3624535c8d0fad4dbe8bbb4c4ecc5c8dba49d2
commons_59072960,File:Chrismas tree cataract.jpg,Imrankabirhossain,CC BY-SA 4.0,https://creativecommons.org/licenses/by-sa/4.0,https://commons.wikimedia.org/wiki/File%3AChrismas_tree_cataract.jpg,59072960,Commons thumbnail; EXIF transpose; RGB; maximum 800px; JPEG quality 95,1,test,commons_59072960,d3eb9480ef9943c50976ea0f649030dac7ededa4069e46f0e25e9eeddf44bb3a
commons_18847024,File:Close-up Image of a Human Iris.jpg,Shillier,CC BY-SA 3.0,https://creativecommons.org/licenses/by-sa/3.0,https://commons.wikimedia.org/wiki/File%3AClose-up_Image_of_a_Human_Iris.jpg,18847024,Commons thumbnail; EXIF transpose; RGB; maximum 800px; JPEG quality 95,0,train,commons_18847024,2b829acc7c5c51883371e00aecdaee297fed03ce7abfc2f6045ea5849c7a898c
commons_3854044,File:Close-up of the iris of the eye.jpg,Chad Miller,CC BY-SA 2.0,https://creativecommons.org/licenses/by-sa/2.0,https://commons.wikimedia.org/wiki/File%3AClose-up_of_the_iris_of_the_eye.jpg,3854044,Commons thumbnail; EXIF transpose; RGB; maximum 800px; JPEG quality 95,0,train,commons_3854044,86d5f66080ec61b63913763dbd487c54458d17c6e544fdfbdc7910a2e41ea051
commons_151317373,"File:Close up shot of the human eye, 9 August 2024.jpg",Kookaaa,CC0,http://creativecommons.org/publicdomain/zero/1.0/deed.en,https://commons.wikimedia.org/wiki/File%3AClose_up_shot_of_the_human_eye%2C_9_August_2024.jpg,151317373,Commons thumbnail; EXIF transpose; RGB; maximum 800px; JPEG quality 95,0,train,commons_151317373,3a1419373b025ac70e82527d8c7e6a8f27474d51d2aa07b3d1e1bc8a52226065
commons_8051975,File:Color contact lens eye brown.jpg,Cassiopeia sweet,Public domain,,https://commons.wikimedia.org/wiki/File%3AColor_contact_lens_eye_brown.jpg,8051975,Commons thumbnail; EXIF transpose; RGB; maximum 800px; JPEG quality 95,0,test,commons_8051975,75a68fcc9d96dc44308c3b596a4c5dc57c18602156783a7fe7c58e7fb89de375
commons_6985175,File:Color de ojos.jpg,Giselle Cardozo,CC BY-SA 3.0,http://creativecommons.org/licenses/by-sa/3.0/,https://commons.wikimedia.org/wiki/File%3AColor_de_ojos.jpg,6985175,Commons thumbnail; EXIF transpose; RGB; maximum 800px; JPEG quality 95,0,train,commons_6985175,59268e5ccd9ebc17e5ee32945a61e7e3a6e1f813903fb14fec3cb377cd454951
commons_11034706,File:ColourIris.png,Smhossei,CC BY 3.0,https://creativecommons.org/licenses/by/3.0,https://commons.wikimedia.org/wiki/File%3AColourIris.png,11034706,Commons thumbnail; EXIF transpose; RGB; maximum 800px; JPEG quality 95,0,val,commons_11034706,6f157a79ec2ee85672428ce4d2212bb469fdf15ae58cc4b7331a2c21e538de80
commons_44318395,File:Congenital Cataract of the Eye.jpg,Iceclanl,CC BY-SA 4.0,https://creativecommons.org/licenses/by-sa/4.0,https://commons.wikimedia.org/wiki/File%3ACongenital_Cataract_of_the_Eye.jpg,44318395,Commons thumbnail; EXIF transpose; RGB; maximum 800px; JPEG quality 95,1,train,commons_44318399,b386902edd98ab3018a2dbecff3a7af835e93a84597a712ac195f721f9277e76
commons_44318396,File:Congenital Cataract of the Eye 1.jpg,Iceclanl,CC BY-SA 4.0,https://creativecommons.org/licenses/by-sa/4.0,https://commons.wikimedia.org/wiki/File%3ACongenital_Cataract_of_the_Eye_1.jpg,44318396,Commons thumbnail; EXIF transpose; RGB; maximum 800px; JPEG quality 95,1,train,commons_44318399,b44c7c91b342bd92b1131b50d3533b84454950cad8d90d280a746b3e01cc0ce9
commons_44318397,File:Congenital Cataract of the Eye 2.jpg,Iceclanl,CC BY-SA 4.0,https://creativecommons.org/licenses/by-sa/4.0,https://commons.wikimedia.org/wiki/File%3ACongenital_Cataract_of_the_Eye_2.jpg,44318397,Commons thumbnail; EXIF transpose; RGB; maximum 800px; JPEG quality 95,1,train,commons_44318399,62173335938a26ede011fe942fbdb08c84ab7e5d3e0bd9a5d00814ed502458fe
commons_44318398,File:Congenital Cataract of the Eye 3.jpg,Iceclanl,CC BY-SA 4.0,https://creativecommons.org/licenses/by-sa/4.0,https://commons.wikimedia.org/wiki/File%3ACongenital_Cataract_of_the_Eye_3.jpg,44318398,Commons thumbnail; EXIF transpose; RGB; maximum 800px; JPEG quality 95,1,train,commons_44318399,59ad45d4d8906e4dfecad0156609b15ecd714938a5abf7b0fc6f9c4f8f14dd4c
commons_44318399,File:Congenital Cataract of the Eye 4.jpg,Iceclanl,CC BY-SA 4.0,https://creativecommons.org/licenses/by-sa/4.0,https://commons.wikimedia.org/wiki/File%3ACongenital_Cataract_of_the_Eye_4.jpg,44318399,Commons thumbnail; EXIF transpose; RGB; maximum 800px; JPEG quality 95,1,train,commons_44318399,2a29ab2cec74293cfe3a1ef62d282445a911134e501e241ef0f3a7c15455e669
commons_3668502,File:Contact Lens.jpg,Peter Clarke,CC BY-SA 4.0,https://creativecommons.org/licenses/by-sa/4.0,https://commons.wikimedia.org/wiki/File%3AContact_Lens.jpg,3668502,Commons thumbnail; EXIF transpose; RGB; maximum 800px; JPEG quality 95,0,train,commons_3668502,1b56b959539640773ab4ef5dd3802a71265fb9ffbbef9a6aef8f89022aff4438
commons_30083524,File:Contact Lens Macro.JPG,Clarisselitiatco,CC BY-SA 3.0,https://creativecommons.org/licenses/by-sa/3.0,https://commons.wikimedia.org/wiki/File%3AContact_Lens_Macro.JPG,30083524,Commons thumbnail; EXIF transpose; RGB; maximum 800px; JPEG quality 95,0,val,commons_30083524,b209fabe7793fd820b38cc8101c58587ab49e78730939876dc7828e07e02ade2
commons_2221316,File:Coppereyesyo.jpg,en:user:NightWingTNBA,CC BY-SA 3.0,http://creativecommons.org/licenses/by-sa/3.0/,https://commons.wikimedia.org/wiki/File%3ACoppereyesyo.jpg,2221316,Commons thumbnail; EXIF transpose; RGB; maximum 800px; JPEG quality 95,0,train,commons_2221316,6cadeafedbe93394aa4da3eb808c3b55b0a44dae9565e7b88229d200536b94b0
commons_3535104,File:Corneal transplant.jpg,John Ricks,Public domain,,https://commons.wikimedia.org/wiki/File%3ACorneal_transplant.jpg,3535104,Commons thumbnail; EXIF transpose; RGB; maximum 800px; JPEG quality 95,0,train,commons_3535104,fa77bf2efe01cdf6cf6b56f397a859a7477d1fb01f7181098ea88d3d777ba9e8
commons_59257558,File:Cortical Cataract.jpg,Imrankabirhossain,CC BY-SA 4.0,https://creativecommons.org/licenses/by-sa/4.0,https://commons.wikimedia.org/wiki/File%3ACortical_Cataract.jpg,59257558,Commons thumbnail; EXIF transpose; RGB; maximum 800px; JPEG quality 95,1,train,commons_59257558,1f9a3b865724be0aac4f41d134a491ebfafc1617067bae4b7c4af25e615e0622
commons_59436588,File:Cortical cataract.jpg,Imrankabirhossain,CC BY-SA 4.0,https://creativecommons.org/licenses/by-sa/4.0,https://commons.wikimedia.org/wiki/File%3ACortical_cataract.jpg,59436588,Commons thumbnail; EXIF transpose; RGB; maximum 800px; JPEG quality 95,1,train,commons_59436588,d1c5f70d406654196b4b3e9605d766c3f571afae871abb653e40078de49e3991
commons_10627204,File:Darkbluegreyiris.jpg,Exordium,CC BY-SA 3.0,https://creativecommons.org/licenses/by-sa/3.0,https://commons.wikimedia.org/wiki/File%3ADarkbluegreyiris.jpg,10627204,Commons thumbnail; EXIF transpose; RGB; maximum 800px; JPEG quality 95,0,train,commons_10627204,9bb66c283d843ea7447939edcec088ad9b0da996a307efecd9aebb8ab8f9fd96
commons_2221309,File:Davinaseye.JPG,en:user:NightWingTNBA,CC BY-SA 3.0,http://creativecommons.org/licenses/by-sa/3.0/,https://commons.wikimedia.org/wiki/File%3ADavinaseye.JPG,2221309,Commons thumbnail; EXIF transpose; RGB; maximum 800px; JPEG quality 95,0,train,commons_2221309,5223360d5677f7eddb7383bd1ec224178d4b69822df9720b6160e9028b2d0db8
commons_19329913,File:Deep Blue eye.jpg,Look Into My Eyes,CC BY 2.0,https://creativecommons.org/licenses/by/2.0,https://commons.wikimedia.org/wiki/File%3ADeep_Blue_eye.jpg,19329913,Commons thumbnail; EXIF transpose; RGB; maximum 800px; JPEG quality 95,0,train,commons_19329913,62cdd80127a40489850431f5dc74c337f72f99ff15b1a7af1bf7d086e568771f
commons_59408737,File:Dense white mature cataract.jpg,Imrankabirhossain,CC BY-SA 4.0,https://creativecommons.org/licenses/by-sa/4.0,https://commons.wikimedia.org/wiki/File%3ADense_white_mature_cataract.jpg,59408737,Commons thumbnail; EXIF transpose; RGB; maximum 800px; JPEG quality 95,1,train,commons_59408737,7936c6ffef70fc43e8cf58d9114cf67d7c95ff7541bce4a662de0be5e5fa0e35
commons_4946111,File:Double colour eye.jpg,Jesulio 91,Public domain,,https://commons.wikimedia.org/wiki/File%3ADouble_colour_eye.jpg,4946111,Commons thumbnail; EXIF transpose; RGB; maximum 800px; JPEG quality 95,0,train,commons_4946111,c6fbc1331a73af7167cd0eea542f505b6960e35cdf1678600efa616a95c28dec
commons_37716022,File:Ehlers-danlos.png,National Eye Institute,Public domain,,https://commons.wikimedia.org/wiki/File%3AEhlers-danlos.png,37716022,Commons thumbnail; EXIF transpose; RGB; maximum 800px; JPEG quality 95,0,train,commons_37716022,c7deb698ebd1d8e623ad8b568e70d6cc6a7f00aaf321a5ce1a80245cb22704db
commons_9839334,File:Electric Blue Eye.jpg,Michael Phillips,CC BY 2.0,https://creativecommons.org/licenses/by/2.0,https://commons.wikimedia.org/wiki/File%3AElectric_Blue_Eye.jpg,9839334,Commons thumbnail; EXIF transpose; RGB; maximum 800px; JPEG quality 95,0,train,commons_9839334,29ecae9abf995522bfe18ab620ea737359521d5a0d65d516f2a1386f08a38d38
commons_14690298,File:Eye 01.jpg,BROlLy at Italian Wikipedia,Public domain,,https://commons.wikimedia.org/wiki/File%3AEye_01.jpg,14690298,Commons thumbnail; EXIF transpose; RGB; maximum 800px; JPEG quality 95,0,train,commons_14690298,d830991942f34d1e630c443fb48bb177d91337488242c6626b226d47d0056161
commons_12531632,File:Eye Heterochromia Blue Green.jpg,Cortexd,CC BY-SA 3.0,https://creativecommons.org/licenses/by-sa/3.0,https://commons.wikimedia.org/wiki/File%3AEye_Heterochromia_Blue_Green.jpg,12531632,Commons thumbnail; EXIF transpose; RGB; maximum 800px; JPEG quality 95,0,test,commons_12531632,2f15cb55d819e95f29d9102df72350ff52f4deb25354223def9bbc68e792e9d7
commons_76251807,File:Eye Lt 3 (120040889).jpeg,Younis Hantouli,CC BY 3.0,https://creativecommons.org/licenses/by/3.0,https://commons.wikimedia.org/wiki/File%3AEye_Lt_3_%28120040889%29.jpeg,76251807,Commons thumbnail; EXIF transpose; RGB; maximum 800px; JPEG quality 95,0,val,commons_76251807,2c5d4e5215066833c2cfb05a85e2c1e5fdb30337f829b028bb8f9efc26bc851f
commons_2931162,File:Eye big.JPG,M. Bloch,CC BY-SA 3.0,https://creativecommons.org/licenses/by-sa/3.0,https://commons.wikimedia.org/wiki/File%3AEye_big.JPG,2931162,Commons thumbnail; EXIF transpose; RGB; maximum 800px; JPEG quality 95,0,train,commons_2931162,53139b0a6ecac78cc96cada415f4fb2ee980c876ca7fe618df9c66eadc10ff62
commons_7892294,File:Eye closeup.jpg,Dzenanz,Public domain,,https://commons.wikimedia.org/wiki/File%3AEye_closeup.jpg,7892294,Commons thumbnail; EXIF transpose; RGB; maximum 800px; JPEG quality 95,0,train,commons_7892294,de3a840c12f9d152be8380930baa0009963137a4f6a183cd2b19f7bf4c6ebc78
commons_4985888,File:Eye closeup greebrown.jpg,Stefan Schroeder,CC BY-SA 3.0,https://creativecommons.org/licenses/by-sa/3.0,https://commons.wikimedia.org/wiki/File%3AEye_closeup_greebrown.jpg,4985888,Commons thumbnail; EXIF transpose; RGB; maximum 800px; JPEG quality 95,0,train,commons_4985888,9dca8d909442aa7105af4aca5258241a5bbe0513f6502f582efa67da6aea3a31
commons_441286,File:Eye iris.jpg,"che (Please credit as ""Petr Novák, Wikipedia"" in case you use this outside Wikimedia projects.)",CC BY-SA 2.5,https://creativecommons.org/licenses/by-sa/2.5,https://commons.wikimedia.org/wiki/File%3AEye_iris.jpg,441286,Commons thumbnail; EXIF transpose; RGB; maximum 800px; JPEG quality 95,0,train,commons_441286,0263cb572c774fa9bf9232032a0d5f0f376860be64e0ebf2e7a87928fd45a47d
commons_12243392,File:Eye iris xx.jpg,"che (Please credit as ""Petr Novák, Wikipedia"" in case you use this outside Wikimedia projects.)",CC BY-SA 3.0,https://creativecommons.org/licenses/by-sa/3.0,https://commons.wikimedia.org/wiki/File%3AEye_iris_xx.jpg,12243392,Commons thumbnail; EXIF transpose; RGB; maximum 800px; JPEG quality 95,0,train,commons_12243392,5e56663fafeabddc5eba817f2d1387ba78309aea0f4d2a7170bf5eac35b5b393
commons_15649088,File:Eye macro.jpg,Micky Zlimen,CC BY-SA 2.0,https://creativecommons.org/licenses/by-sa/2.0,https://commons.wikimedia.org/wiki/File%3AEye_macro.jpg,15649088,Commons thumbnail; EXIF transpose; RGB; maximum 800px; JPEG quality 95,0,train,commons_15649088,9ea8df4e5a60f93a82b6ced7903e1397635e976d3055193aa319ab8a726aa292
commons_60678468,File:Eye200961f1.jpg,Hoangtrunghien,CC BY-SA 4.0,https://creativecommons.org/licenses/by-sa/4.0,https://commons.wikimedia.org/wiki/File%3AEye200961f1.jpg,60678468,Commons thumbnail; EXIF transpose; RGB; maximum 800px; JPEG quality 95,1,train,commons_60678468,4050321d9ec88ca90075a7db2edd8b5677ab22ed236d80f59122bdee8f4e2154
commons_23079728,File:Eye of amber.jpg,Jeff Turner,CC BY 2.0,https://creativecommons.org/licenses/by/2.0,https://commons.wikimedia.org/wiki/File%3AEye_of_amber.jpg,23079728,Commons thumbnail; EXIF transpose; RGB; maximum 800px; JPEG quality 95,0,val,commons_23079728,e341f7e2312cccd281160d0688445ae5a6a00f958248e376d8211460e83673ba
commons_10748481,File:Eyeball-2.png,Eyeball.png: Intersofia derivative work: Angelarmandol (talk),CC BY-SA 2.5,https://creativecommons.org/licenses/by-sa/2.5,https://commons.wikimedia.org/wiki/File%3AEyeball-2.png,10748481,Commons thumbnail; EXIF transpose; RGB; maximum 800px; JPEG quality 95,0,train,commons_10748481,ac2234d5be890ce7e75adb4ce38ae737e8c977a6766400b37294929486a993f3
commons_1768126,File:Eyeball (sugarpond).jpg,"Sugar Pond, Brooklyn",CC BY-SA 2.0,https://creativecommons.org/licenses/by-sa/2.0,https://commons.wikimedia.org/wiki/File%3AEyeball_%28sugarpond%29.jpg,1768126,Commons thumbnail; EXIF transpose; RGB; maximum 800px; JPEG quality 95,0,train,commons_1768126,de4f5da204e95610e336e9bf803627b2969b9057ca7774778c8cb116ec3d1d7d
commons_61830743,File:Eyes tell no lies (Unsplash).jpg,Amanda Dalbjörn,CC0,http://creativecommons.org/publicdomain/zero/1.0/deed.en,https://commons.wikimedia.org/wiki/File%3AEyes_tell_no_lies_%28Unsplash%29.jpg,61830743,Commons thumbnail; EXIF transpose; RGB; maximum 800px; JPEG quality 95,0,val,commons_61830743,53fe2b22327229692299fa1b7b304508abd98770d8c8378e98578df3fc184d99
commons_84461758,File:Galaxy Eye.jpg,PolskiausmBlock,CC BY-SA 4.0,https://creativecommons.org/licenses/by-sa/4.0,https://commons.wikimedia.org/wiki/File%3AGalaxy_Eye.jpg,84461758,Commons thumbnail; EXIF transpose; RGB; maximum 800px; JPEG quality 95,0,train,commons_84461758,6a8464d5482e483775e05905f726c9a87507f5ece520c4ac56e20b89f4c53ea1
commons_57235752,File:Grady Sizemore sweating (3862693913).jpg,"Keith Allison from Hanover, MD, USA",CC BY-SA 2.0,https://creativecommons.org/licenses/by-sa/2.0,https://commons.wikimedia.org/wiki/File%3AGrady_Sizemore_sweating_%283862693913%29.jpg,57235752,Commons thumbnail; EXIF transpose; RGB; maximum 800px; JPEG quality 95,0,train,commons_57235752,38d286a9e5f02a33e97b5769c19aff38a21815eaed9698bb93ecf6c37475358c
commons_144011475,"File:Gray eye, Northern Italy.jpg",Martin Mystère,CC BY-SA 4.0,https://creativecommons.org/licenses/by-sa/4.0,https://commons.wikimedia.org/wiki/File%3AGray_eye%2C_Northern_Italy.jpg,144011475,Commons thumbnail; EXIF transpose; RGB; maximum 800px; JPEG quality 95,0,val,commons_144011475,96715ef50ff7929a8ebc72f5a59cb78b103926ba2fa147ea21fd9d9bae9988a3
commons_6059250,File:Grayeye.JPG,BoleroFire,Public domain,,https://commons.wikimedia.org/wiki/File%3AGrayeye.JPG,6059250,Commons thumbnail; EXIF transpose; RGB; maximum 800px; JPEG quality 95,0,train,commons_6059250,901d92d2e3c898823cbcaf7478a7eac1297fe4c58759bfbdff43c6ec47227339
commons_89179889,File:Great blue eye.jpg,Lizapopova143,CC BY 4.0,https://creativecommons.org/licenses/by/4.0,https://commons.wikimedia.org/wiki/File%3AGreat_blue_eye.jpg,89179889,Commons thumbnail; EXIF transpose; RGB; maximum 800px; JPEG quality 95,0,train,commons_89179889,f64cde4ac6d4487088f8695b508c49aed9b6ebe202263c06a7749d946a42071c
commons_24322266,File:Green (3239426963).jpg,"Serge Melki from Indianapolis, USA",CC BY 2.0,https://creativecommons.org/licenses/by/2.0,https://commons.wikimedia.org/wiki/File%3AGreen_%283239426963%29.jpg,24322266,Commons thumbnail; EXIF transpose; RGB; maximum 800px; JPEG quality 95,0,test,commons_24322266,96eda29af7ad2d1e7c7ccfde112c4b4fad315695c3d5ed3c9e5e5309632601eb
commons_46564491,File:Green Eyes Human.png,ParaSamaritan,CC BY-SA 4.0,https://creativecommons.org/licenses/by-sa/4.0,https://commons.wikimedia.org/wiki/File%3AGreen_Eyes_Human.png,46564491,Commons thumbnail; EXIF transpose; RGB; maximum 800px; JPEG quality 95,0,train,commons_46564491,c0743f0c4de09d1045fbebe381fd0a248c44907eaf0cf12b003465b14979b7a8
commons_8872853,File:Green eye glasses.jpg,Lonedoe,CC BY-SA 3.0,https://creativecommons.org/licenses/by-sa/3.0,https://commons.wikimedia.org/wiki/File%3AGreen_eye_glasses.jpg,8872853,Commons thumbnail; EXIF transpose; RGB; maximum 800px; JPEG quality 95,0,train,commons_8872853,d1ded8a6db8f763eb72532fde268b951061d9509d0c7984e5deeab4e3cc25aae
commons_8872854,File:Green eye lashes.jpg,No machine-readable author provided. Lonedoe assumed (based on copyright claims).,CC BY-SA 3.0,https://creativecommons.org/licenses/by-sa/3.0,https://commons.wikimedia.org/wiki/File%3AGreen_eye_lashes.jpg,8872854,Commons thumbnail; EXIF transpose; RGB; maximum 800px; JPEG quality 95,0,train,commons_8872854,ec408fb5cab5108755cf9b015906b9166729d2e41ddfc73c26698b5d39d465f5
commons_22281685,File:Green light mixed type B.JPG,Larali21,CC BY-SA 3.0,https://creativecommons.org/licenses/by-sa/3.0,https://commons.wikimedia.org/wiki/File%3AGreen_light_mixed_type_B.JPG,22281685,Commons thumbnail; EXIF transpose; RGB; maximum 800px; JPEG quality 95,0,test,commons_22281685,53daebe23b0ab48dceba757828f15aa271b4d9bd79422c492b7121225d40da8e
commons_13400572,File:Greeneye.jpg,Rick,CC0,http://creativecommons.org/publicdomain/zero/1.0/deed.en,https://commons.wikimedia.org/wiki/File%3AGreeneye.jpg,13400572,Commons thumbnail; EXIF transpose; RGB; maximum 800px; JPEG quality 95,0,train,commons_13400572,f4bd761da4976c34c2a67de2a954b5ab3f2f6db3251abc01f47e0fd6771682a7
commons_9976700,File:Greeneye2.jpg,Jrappy87,CC BY 3.0,https://creativecommons.org/licenses/by/3.0,https://commons.wikimedia.org/wiki/File%3AGreeneye2.jpg,9976700,Commons thumbnail; EXIF transpose; RGB; maximum 800px; JPEG quality 95,0,train,commons_9976700,668d59ab945caf9315f69249695639ee34d18f60d76587dc793e7689e8075756
commons_11692843,File:Greeneyeleft.jpg,Sare963 Sarah Illes,CC BY 3.0,https://creativecommons.org/licenses/by/3.0,https://commons.wikimedia.org/wiki/File%3AGreeneyeleft.jpg,11692843,Commons thumbnail; EXIF transpose; RGB; maximum 800px; JPEG quality 95,0,train,commons_11692843,44a393d9b8eed4b6263ce3b28ed584ee61fb333ba3a4c7ea14aef6475d41f6b0
commons_7213246,File:Greeniris.png,Doortjah,CC BY-SA 3.0,https://creativecommons.org/licenses/by-sa/3.0,https://commons.wikimedia.org/wiki/File%3AGreeniris.png,7213246,Commons thumbnail; EXIF transpose; RGB; maximum 800px; JPEG quality 95,0,test,commons_7213246,2484ca12703c1f8254b7139f36fabc011530b5934a69fbd675202f659871b9a6
commons_12635970,File:Grey-eye.jpg,Smurkst,CC BY-SA 3.0,https://creativecommons.org/licenses/by-sa/3.0,https://commons.wikimedia.org/wiki/File%3AGrey-eye.jpg,12635970,Commons thumbnail; EXIF transpose; RGB; maximum 800px; JPEG quality 95,0,test,commons_12635970,352413efa2ce2cde855e78ac3ddee8f78a7332d1760da32b2dc2e753c723952f
commons_38429009,File:Grey-green eye detail.jpg,Beniben82,CC BY-SA 4.0,https://creativecommons.org/licenses/by-sa/4.0,https://commons.wikimedia.org/wiki/File%3AGrey-green_eye_detail.jpg,38429009,Commons thumbnail; EXIF transpose; RGB; maximum 800px; JPEG quality 95,0,train,commons_38429009,e7e63cbad027e2d3410bac272f79583a34ee3fbb1198c1dd7593ba7d8bc20a09
commons_9465430,File:Grey eye G5wCD.jpg,Nether Animal,Public domain,,https://commons.wikimedia.org/wiki/File%3AGrey_eye_G5wCD.jpg,9465430,Commons thumbnail; EXIF transpose; RGB; maximum 800px; JPEG quality 95,0,test,commons_9465430,49fc3edcae6bd0decb8ea0026eb0d68dc2679713653ca7e5a78b7a9cf1123278
commons_15419080,File:Hazel-green eye 2.jpg,Laurinemily at English Wikipedia,CC BY-SA 2.5,https://creativecommons.org/licenses/by-sa/2.5,https://commons.wikimedia.org/wiki/File%3AHazel-green_eye_2.jpg,15419080,Commons thumbnail; EXIF transpose; RGB; maximum 800px; JPEG quality 95,0,test,commons_15419080,554a3d3210ee509e552c249af514b5b194021800b779fa608b6ca1dd697faf7d
commons_8767404,File:Hazel Eye -2.JPG,Ahodges7,CC BY-SA 3.0,https://creativecommons.org/licenses/by-sa/3.0,https://commons.wikimedia.org/wiki/File%3AHazel_Eye_-2.JPG,8767404,Commons thumbnail; EXIF transpose; RGB; maximum 800px; JPEG quality 95,0,train,commons_8767404,c84b05eeebed217bdc463f863726214627dc3724339cdb4de5afd04e6fbe44ef
commons_30492694,File:Hazel Eye HD.JPG,User:Rapaceone,CC BY-SA 3.0,https://creativecommons.org/licenses/by-sa/3.0,https://commons.wikimedia.org/wiki/File%3AHazel_Eye_HD.JPG,30492694,Commons thumbnail; EXIF transpose; RGB; maximum 800px; JPEG quality 95,0,train,commons_30492694,060d98b978d4cae20e569d5f800ab24bb5d0d392bd61b49f90fdcf305781f235
commons_69037588,File:Hazel Eyes (marron verdoso) Caracas Venezuela 2018.jpg,QuinteroP,CC BY 4.0,https://creativecommons.org/licenses/by/4.0,https://commons.wikimedia.org/wiki/File%3AHazel_Eyes_%28marron_verdoso%29_Caracas_Venezuela_2018.jpg,69037588,Commons thumbnail; EXIF transpose; RGB; maximum 800px; JPEG quality 95,0,val,commons_69037754,d95915f1b3cae8e93b8452bab74385dad468672a72306e768a80fcb1d6a34d89
commons_23187179,"File:Hazel Eyes Iris closeup, Caucasian male, age 23.jpg",Stephenbalaban,CC BY-SA 3.0,https://creativecommons.org/licenses/by-sa/3.0,https://commons.wikimedia.org/wiki/File%3AHazel_Eyes_Iris_closeup%2C_Caucasian_male%2C_age_23.jpg,23187179,Commons thumbnail; EXIF transpose; RGB; maximum 800px; JPEG quality 95,0,test,commons_23187179,e5c033ca3966bf668ce4ca44f4c5cbf63e82a83914af5618634cf8f207f9ec66
commons_69037754,File:Hazel Eyes Ojos Avellana (Marron-Verde) Caracas Venezuela.jpg,QuinteroP,CC BY 4.0,https://creativecommons.org/licenses/by/4.0,https://commons.wikimedia.org/wiki/File%3AHazel_Eyes_Ojos_Avellana_%28Marron-Verde%29_Caracas_Venezuela.jpg,69037754,Commons thumbnail; EXIF transpose; RGB; maximum 800px; JPEG quality 95,0,val,commons_69037754,f74fd6fb82057aeb53607b514b3ede392673cc5798b56f4c3020f05326ee6b2e
commons_2738664,File:Hazel eye.jpg,Tlf333 at English Wikipedia,Public domain,,https://commons.wikimedia.org/wiki/File%3AHazel_eye.jpg,2738664,Commons thumbnail; EXIF transpose; RGB; maximum 800px; JPEG quality 95,0,test,commons_2738664,c1f04e6fae37b1a7489675a02e38c1d6a17a4ebdbf24368a9ae18683979ab02d
commons_29504615,File:Hazel eye1.png,Yoldasso,CC BY-SA 3.0,https://creativecommons.org/licenses/by-sa/3.0,https://commons.wikimedia.org/wiki/File%3AHazel_eye1.png,29504615,Commons thumbnail; EXIF transpose; RGB; maximum 800px; JPEG quality 95,0,train,commons_29504615,57e173bd74fb7890ca55a4cdf691b95a1f25d84b925ce1a3a24c7ffa1287fd78
commons_16471838,File:Hazel eye (1).jpg,Sneakydaycrawler at en.wikipedia,Public domain,,https://commons.wikimedia.org/wiki/File%3AHazel_eye_%281%29.jpg,16471838,Commons thumbnail; EXIF transpose; RGB; maximum 800px; JPEG quality 95,0,train,commons_16471838,1eff9af15db3e9fbff74ef6d03453855c664e0ed26ff1fd5186930d306d053c7
commons_24641895,File:Hazel eye of a mixed-ethnicity female.jpg,Signalgoddess,CC BY-SA 3.0,https://creativecommons.org/licenses/by-sa/3.0,https://commons.wikimedia.org/wiki/File%3AHazel_eye_of_a_mixed-ethnicity_female.jpg,24641895,Commons thumbnail; EXIF transpose; RGB; maximum 800px; JPEG quality 95,0,test,commons_24641895,48282d5863526a4b344d38fcf5b6f57475fd5a4a93780b0a390524174cbd4a00
commons_25387397,File:Hazel green eye close up.jpg,TheSonoran,CC BY-SA 3.0,https://creativecommons.org/licenses/by-sa/3.0,https://commons.wikimedia.org/wiki/File%3AHazel_green_eye_close_up.jpg,25387397,Commons thumbnail; EXIF transpose; RGB; maximum 800px; JPEG quality 95,0,train,commons_25387397,2698be84561f70b12c80afe61da1df0fcb42fb80e90b1edeef723aa8fa284088
commons_882443,File:Hazeleye.jpg,No machine-readable author provided. Cgm~commonswiki assumed (based on copyright claims).,CC BY-SA 2.5,https://creativecommons.org/licenses/by-sa/2.5,https://commons.wikimedia.org/wiki/File%3AHazeleye.jpg,882443,Commons thumbnail; EXIF transpose; RGB; maximum 800px; JPEG quality 95,0,train,commons_882443,271e4532bece150b934b2c432e606278a59262f1f75594e633c963f68ec2de3f
commons_186403,File:Heterochromia iridis 01.jpg,No machine-readable author provided. Mike R assumed (based on copyright claims).,CC BY-SA 3.0,http://creativecommons.org/licenses/by-sa/3.0/,https://commons.wikimedia.org/wiki/File%3AHeterochromia_iridis_01.jpg,186403,Commons thumbnail; EXIF transpose; RGB; maximum 800px; JPEG quality 95,0,val,commons_186403,ed54bc9f63c229fe93b181fc1dd87b97fb54f94fb966e95a60bd4e5a37b96907
commons_31468025,File:Heterocromia.jpg,Dayana Gutierrez,CC BY-SA 3.0,https://creativecommons.org/licenses/by-sa/3.0,https://commons.wikimedia.org/wiki/File%3AHeterocromia.jpg,31468025,Commons thumbnail; EXIF transpose; RGB; maximum 800px; JPEG quality 95,0,train,commons_31468025,58b6d29bf07fdcec44d7c6af11f52261eb9d8ed5f2a7d509954b55a74e3b89d3
commons_10875825,File:High-Eye.jpg,Psychonaught,Public domain,,https://commons.wikimedia.org/wiki/File%3AHigh-Eye.jpg,10875825,Commons thumbnail; EXIF transpose; RGB; maximum 800px; JPEG quality 95,0,train,commons_10875825,41054de2f78eee6619d58024bfd77e22ee467785793184b2aa9cb6954e7a4916
commons_4501553,File:High-Resolution Iris Picture.jpg,User: jakemaheu,CC BY-SA 4.0,https://creativecommons.org/licenses/by-sa/4.0,https://commons.wikimedia.org/wiki/File%3AHigh-Resolution_Iris_Picture.jpg,4501553,Commons thumbnail; EXIF transpose; RGB; maximum 800px; JPEG quality 95,0,train,commons_4501553,eecbec7f068ea685b45b8c4163ce90fb351678292b644ca437271423750addd4
commons_3117810,File:Human Iris JD052007.jpg,JDrewes,CC BY-SA 3.0,https://creativecommons.org/licenses/by-sa/3.0,https://commons.wikimedia.org/wiki/File%3AHuman_Iris_JD052007.jpg,3117810,Commons thumbnail; EXIF transpose; RGB; maximum 800px; JPEG quality 95,0,train,commons_30837477,a07ab81a9c5eb4e49baf75adb374a4986c3663e2020839f6b52024e71c0b9edd
commons_16290248,File:HumanAmberEye.jpg,Nicoleslaw23,CC BY-SA 3.0,https://creativecommons.org/licenses/by-sa/3.0,https://commons.wikimedia.org/wiki/File%3AHumanAmberEye.jpg,16290248,Commons thumbnail; EXIF transpose; RGB; maximum 800px; JPEG quality 95,0,val,commons_16290279,793b6a5e69ee9bafc0ae0a4044c44b9c2990592839793d56d670d9f3d82e67a7
commons_16290279,File:HumanFemaleAmberEye.jpg,Nicoleslaw23,CC BY-SA 3.0,https://creativecommons.org/licenses/by-sa/3.0,https://commons.wikimedia.org/wiki/File%3AHumanFemaleAmberEye.jpg,16290279,Commons thumbnail; EXIF transpose; RGB; maximum 800px; JPEG quality 95,0,val,commons_16290279,4da2bc072ad3982a53046f820ccca85b29caf224f3b6221122a6b17a0a17b6a4
commons_8868194,File:HumanFemalewithAmberIris.jpg,Ekbaros,CC BY-SA 3.0,https://creativecommons.org/licenses/by-sa/3.0,https://commons.wikimedia.org/wiki/File%3AHumanFemalewithAmberIris.jpg,8868194,Commons thumbnail; EXIF transpose; RGB; maximum 800px; JPEG quality 95,0,train,commons_8868194,999f97c5f071f1440104895a1f50ac4916448514693f4300e01857117723b235
commons_143539057,"File:Human eye, anterior view.jpg",Rapidreflex,CC BY-SA 4.0,https://creativecommons.org/licenses/by-sa/4.0,https://commons.wikimedia.org/wiki/File%3AHuman_eye%2C_anterior_view.jpg,143539057,Commons thumbnail; EXIF transpose; RGB; maximum 800px; JPEG quality 95,0,train,commons_143539057,20b430ba142d548e3a0a6e584b46994a6e4c23f2022e63e031e9c7644df16159
commons_87788428,"File:Human eye detail, from- A blue eye (cropped).jpg",8thstar at English Wikipedia.,CC BY-SA 3.0,http://creativecommons.org/licenses/by-sa/3.0/,https://commons.wikimedia.org/wiki/File%3AHuman_eye_detail%2C_from-_A_blue_eye_%28cropped%29.jpg,87788428,Commons thumbnail; EXIF transpose; RGB; maximum 800px; JPEG quality 95,0,train,commons_87788428,497a1e025415c24a33f9d15671891b74c1afe0df86a73478fd8d67aa782e5c29
commons_87788504,"File:Human eye detail, from- Bloodshot EyeBall (cropped).jpg",Psychonaught,Public domain,,https://commons.wikimedia.org/wiki/File%3AHuman_eye_detail%2C_from-_Bloodshot_EyeBall_%28cropped%29.jpg,87788504,Commons thumbnail; EXIF transpose; RGB; maximum 800px; JPEG quality 95,0,test,commons_87788504,fd59294a76320ebcd676ef2e21d9d551be3102a2ddd9446469e88c873586ab30
commons_87788673,"File:Human eye detail, from- Boje oka (cropped).jpg",BojanaIv,CC BY-SA 4.0,https://creativecommons.org/licenses/by-sa/4.0,https://commons.wikimedia.org/wiki/File%3AHuman_eye_detail%2C_from-_Boje_oka_%28cropped%29.jpg,87788673,Commons thumbnail; EXIF transpose; RGB; maximum 800px; JPEG quality 95,0,train,commons_87788673,dd65ceacd413c43f2da0b53b3a7f0f0ed45e214c986e275e1033658f2a186442
commons_87788595,"File:Human eye detail, from- Brown human eye (cropped).jpg",Rnbc at English Wikipedia.,CC BY-SA 3.0,http://creativecommons.org/licenses/by-sa/3.0/,https://commons.wikimedia.org/wiki/File%3AHuman_eye_detail%2C_from-_Brown_human_eye_%28cropped%29.jpg,87788595,Commons thumbnail; EXIF transpose; RGB; maximum 800px; JPEG quality 95,0,train,commons_87788595,7e898cdf27cf650871a01fdf1ed093d6b7a645c825c30b2af5b8261f9bb738b1
commons_87788813,"File:Human eye detail, from- Eye Central Heterochromia crop and lighter (cropped).jpg","Adam Cuerden, modified by Greg A L",CC BY 3.0,https://creativecommons.org/licenses/by/3.0,https://commons.wikimedia.org/wiki/File%3AHuman_eye_detail%2C_from-_Eye_Central_Heterochromia_crop_and_lighter_%28cropped%29.jpg,87788813,Commons thumbnail; EXIF transpose; RGB; maximum 800px; JPEG quality 95,0,val,commons_87788813,650c4587db2c33661b3d3449256c721c513c3656cfed04813bb26515dd050db5
commons_87788868,"File:Human eye detail, from- Human eye close up (cropped).jpg",Qirille,CC BY-SA 4.0,https://creativecommons.org/licenses/by-sa/4.0,https://commons.wikimedia.org/wiki/File%3AHuman_eye_detail%2C_from-_Human_eye_close_up_%28cropped%29.jpg,87788868,Commons thumbnail; EXIF transpose; RGB; maximum 800px; JPEG quality 95,0,val,commons_87788868,f65a54468b003ad3d0c97acbc9966aca0411d3eebae03a5e192f88a65d4e046e
commons_136090100,File:Human eye in bright light.jpg,Rapidreflex,CC BY-SA 4.0,https://creativecommons.org/licenses/by-sa/4.0,https://commons.wikimedia.org/wiki/File%3AHuman_eye_in_bright_light.jpg,136090100,Commons thumbnail; EXIF transpose; RGB; maximum 800px; JPEG quality 95,0,train,commons_136090100,2d1c676384509a4872f8b371879e710c1db958e3eacce2c60d1c36e105a289ad
commons_27603178,File:Human eye with blood vessels.jpg,ROTFLOLEB,CC BY-SA 3.0,https://creativecommons.org/licenses/by-sa/3.0,https://commons.wikimedia.org/wiki/File%3AHuman_eye_with_blood_vessels.jpg,27603178,Commons thumbnail; EXIF transpose; RGB; maximum 800px; JPEG quality 95,0,train,commons_27603178,1b564a59530f35565fac813d9831b8194473dfaee030b2997629f02c34c1d13b
commons_135379096,"File:Human eye with limbal ring, anterior view.jpg",Rapidreflex,CC BY-SA 4.0,https://creativecommons.org/licenses/by-sa/4.0,https://commons.wikimedia.org/wiki/File%3AHuman_eye_with_limbal_ring%2C_anterior_view.jpg,135379096,Commons thumbnail; EXIF transpose; RGB; maximum 800px; JPEG quality 95,0,train,commons_135379096,32f596a252fc803b10813b06de1377be93e3cf51f5ec3ededb1d5651fe70f2d8
commons_59257278,File:Intumescent cataract.jpg,Imrankabirhossain,CC BY-SA 4.0,https://creativecommons.org/licenses/by-sa/4.0,https://commons.wikimedia.org/wiki/File%3AIntumescent_cataract.jpg,59257278,Commons thumbnail; EXIF transpose; RGB; maximum 800px; JPEG quality 95,1,train,commons_59257278,71909663d9bc67c59759fc49d13cecac373753698203f713c9d359b9a122daa1
commons_96674,File:Iris1.jpg,No machine-readable author provided. JennaMarie83~commonswiki assumed (based on copyright claims).,CC BY-SA 3.0,http://creativecommons.org/licenses/by-sa/3.0/,https://commons.wikimedia.org/wiki/File%3AIris1.jpg,96674,Commons thumbnail; EXIF transpose; RGB; maximum 800px; JPEG quality 95,0,val,commons_96674,cac160ccb1f516c1909c8014d86d536d96828433a7095ee9eef7c7a9755e3a7b
commons_96676,File:Iris2.jpg,No machine-readable author provided. JennaMarie83~commonswiki assumed (based on copyright claims).,CC BY-SA 3.0,http://creativecommons.org/licenses/by-sa/3.0/,https://commons.wikimedia.org/wiki/File%3AIris2.jpg,96676,Commons thumbnail; EXIF transpose; RGB; maximum 800px; JPEG quality 95,0,train,commons_96676,59e646c612628c4a096c1ef7dd932c61f82870d0932011d89bc07cb3961c3c6b
commons_105241797,File:Iris (49597764638).jpg,Cristian Ibarra Santillan,CC BY 2.0,https://creativecommons.org/licenses/by/2.0,https://commons.wikimedia.org/wiki/File%3AIris_%2849597764638%29.jpg,105241797,Commons thumbnail; EXIF transpose; RGB; maximum 800px; JPEG quality 95,0,train,commons_105241797,f4ef580f21ed2c493827b3cfcc9b5ae8b42529bc8a2b04b806413b203aa261e5
commons_5706255,File:Iris - left eye of a girl.jpg,Laitr Keiows,CC BY-SA 3.0,https://creativecommons.org/licenses/by-sa/3.0,https://commons.wikimedia.org/wiki/File%3AIris_-_left_eye_of_a_girl.jpg,5706255,Commons thumbnail; EXIF transpose; RGB; maximum 800px; JPEG quality 95,0,train,commons_5706255,9305d008082e35749bc7ed53e386bda59b9346b2a17bc384af76f94936d3d690
commons_5706280,File:Iris - right eye of a girl.jpg,Laitr Keiows,CC BY-SA 3.0,https://creativecommons.org/licenses/by-sa/3.0,https://commons.wikimedia.org/wiki/File%3AIris_-_right_eye_of_a_girl.jpg,5706280,Commons thumbnail; EXIF transpose; RGB; maximum 800px; JPEG quality 95,0,train,commons_5706280,1ae72f22da71d3a319c4da5a8e50df2b7efefb22f432cf95d7f12f00160ffddf
commons_31648264,File:Iris 16032014.jpg,Mattis2412,CC BY-SA 3.0,https://creativecommons.org/licenses/by-sa/3.0,https://commons.wikimedia.org/wiki/File%3AIris_16032014.jpg,31648264,Commons thumbnail; EXIF transpose; RGB; maximum 800px; JPEG quality 95,0,val,commons_31648264,6d553500d5be82c1138b8e011c221aa4d042714e34b27dcadc6b523a638ed0bb
commons_24120793,File:Iris bilious right.jpg,Frigar,CC BY-SA 3.0,https://creativecommons.org/licenses/by-sa/3.0,https://commons.wikimedia.org/wiki/File%3AIris_bilious_right.jpg,24120793,Commons thumbnail; EXIF transpose; RGB; maximum 800px; JPEG quality 95,0,test,commons_24120793,8aea21514daa099f566fcb511e3355cae28e6cbcbe9ddb3d06dca5aeeca40b88
commons_6096055,File:Iris centralheterochromy.jpg,SheLovesGhosts,CC BY-SA 3.0,https://creativecommons.org/licenses/by-sa/3.0,https://commons.wikimedia.org/wiki/File%3AIris_centralheterochromy.jpg,6096055,Commons thumbnail; EXIF transpose; RGB; maximum 800px; JPEG quality 95,0,train,commons_6096055,c84b2ea0b8cf3de44eb1daf0d51f8a2a6df776148c900fcbcc0d09e681188f6a
commons_5725303,File:Iris close-up.jpg,derivative work: Laitr Keiows (talk) Iris_-_left_eye_of_a_girl.jpg: Laitr Keiows,CC BY-SA 3.0,https://creativecommons.org/licenses/by-sa/3.0,https://commons.wikimedia.org/wiki/File%3AIris_close-up.jpg,5725303,Commons thumbnail; EXIF transpose; RGB; maximum 800px; JPEG quality 95,0,train,commons_5725303,76d32c2c10ebc9194e4f6684682f24139c33b08cfcf1d46dc71ce7325c7d0fdc
commons_6532665,File:Iris closeup.jpg,Nico0891,CC BY-SA 3.0,https://creativecommons.org/licenses/by-sa/3.0,https://commons.wikimedia.org/wiki/File%3AIris_closeup.jpg,6532665,Commons thumbnail; EXIF transpose; RGB; maximum 800px; JPEG quality 95,0,train,commons_6532665,67db6ffe537a0b382599a4545c5a349d61c8fd272a604a1defbf7fa98f992a55
commons_34161446,File:Iris cornea adnexa - biomicroscope.jpg,Eric Wiessner,CC BY-SA 4.0,https://creativecommons.org/licenses/by-sa/4.0,https://commons.wikimedia.org/wiki/File%3AIris_cornea_adnexa_-_biomicroscope.jpg,34161446,Commons thumbnail; EXIF transpose; RGB; maximum 800px; JPEG quality 95,0,train,commons_34161446,faae8ba7dcaebef4efe39fcd73e36709d0e071928933aef4ebadfb38fb44fb80
commons_24120791,File:Iris haematogenous right.jpg,Frigar,CC BY-SA 3.0,https://creativecommons.org/licenses/by-sa/3.0,https://commons.wikimedia.org/wiki/File%3AIris_haematogenous_right.jpg,24120791,Commons thumbnail; EXIF transpose; RGB; maximum 800px; JPEG quality 95,0,train,commons_24120791,4e76fcd182ab259b856cd57bf9f75341edcd7602511546dbd618d6d56e8856e2
commons_24120792,File:Iris lymphatic right.jpg,Frigar,CC BY-SA 3.0,https://creativecommons.org/licenses/by-sa/3.0,https://commons.wikimedia.org/wiki/File%3AIris_lymphatic_right.jpg,24120792,Commons thumbnail; EXIF transpose; RGB; maximum 800px; JPEG quality 95,0,val,commons_24120792,5d48299c465d6128b20bc0dac152f579fe398a5334ccdf3067c5758f07376d34
commons_8011909,File:Iris of the Human Eye.jpg,Mcorrens,CC BY-SA 3.0,https://creativecommons.org/licenses/by-sa/3.0,https://commons.wikimedia.org/wiki/File%3AIris_of_the_Human_Eye.jpg,8011909,Commons thumbnail; EXIF transpose; RGB; maximum 800px; JPEG quality 95,0,train,commons_8011909,4769d5d26e1a23e30c766faa0f02f8af2ff0d2f0d5a554c3dbfff50848983639
commons_3490332,File:Korwinpupil.jpg,Korwin,CC BY 3.0,https://creativecommons.org/licenses/by/3.0,https://commons.wikimedia.org/wiki/File%3AKorwinpupil.jpg,3490332,Commons thumbnail; EXIF transpose; RGB; maximum 800px; JPEG quality 95,0,test,commons_3490332,32b5758c0d46b45296a59b5de6ba2a4834183019da48c7f10dd86cc1252968a1
commons_12774469,File:Left Blue Eye.jpg,Psychonaught,Public domain,,https://commons.wikimedia.org/wiki/File%3ALeft_Blue_Eye.jpg,12774469,Commons thumbnail; EXIF transpose; RGB; maximum 800px; JPEG quality 95,0,train,commons_12774469,7a831fd87e6e97fc55483dbaba86c3bd18406fa4c0b9f167c8bb34643bcd562a
commons_31091784,File:Light brown amber eye.JPG,Samb7293,CC0,http://creativecommons.org/publicdomain/zero/1.0/deed.en,https://commons.wikimedia.org/wiki/File%3ALight_brown_amber_eye.JPG,31091784,Commons thumbnail; EXIF transpose; RGB; maximum 800px; JPEG quality 95,0,test,commons_31091784,9de3b4b7771abb6880ace7ce5d4b51dee1bca8caade716ee5d582ec2cdd552df
commons_5520770,File:Lins..PNG,Yoshi.28,CC BY-SA 3.0,https://creativecommons.org/licenses/by-sa/3.0,https://commons.wikimedia.org/wiki/File%3ALins..PNG,5520770,Commons thumbnail; EXIF transpose; RGB; maximum 800px; JPEG quality 95,0,train,commons_5520770,fcaacb2484a2ed34f0f75d018b08adbaa7fe3212f1a937ce61267c5500df79b7
commons_17395044,File:Look after me.jpg,The original uploader was Fouziks at French Wikipedia.,CC BY-SA 2.0 fr,https://creativecommons.org/licenses/by-sa/2.0/fr/deed.en,https://commons.wikimedia.org/wiki/File%3ALook_after_me.jpg,17395044,Commons thumbnail; EXIF transpose; RGB; maximum 800px; JPEG quality 95,0,test,commons_17395044,25b8b153abaffa1c3cc2baa570ae8c27df4d7f45575d95dc02039f000146ddcf
commons_36530322,File:Mairead cropped.png,Paul Savage,CC BY 2.0,https://creativecommons.org/licenses/by/2.0,https://commons.wikimedia.org/wiki/File%3AMairead_cropped.png,36530322,Commons thumbnail; EXIF transpose; RGB; maximum 800px; JPEG quality 95,0,train,commons_36530322,1411371985943e65a640591b2a65ee58deea42b88de1b1797fbf8dd5565ccdb4
commons_138104952,File:Male gray eye (18554338933).jpg,fredrik Andreasson from Sweden,CC BY 2.0,https://creativecommons.org/licenses/by/2.0,https://commons.wikimedia.org/wiki/File%3AMale_gray_eye_%2818554338933%29.jpg,138104952,Commons thumbnail; EXIF transpose; RGB; maximum 800px; JPEG quality 95,0,train,commons_138104952,8e48b483477f43dcf54589f29d39fb48976bdd1628564c78bc43ad261c2a6c8e
commons_19343374,File:Mature cataract.jpg,Philipp Franko Zeitz,CC BY-SA 3.0,https://creativecommons.org/licenses/by-sa/3.0,https://commons.wikimedia.org/wiki/File%3AMature_cataract.jpg,19343374,Commons thumbnail; EXIF transpose; RGB; maximum 800px; JPEG quality 95,1,val,commons_19343374,d1bf7276a31d2a099b58abbe3380879500079d250faee34e62904a22c7a1c07d
commons_328730,File:My eye.jpg,No machine-readable author provided. Gtanner~commonswiki assumed (based on copyright claims).,Public domain,,https://commons.wikimedia.org/wiki/File%3AMy_eye.jpg,328730,Commons thumbnail; EXIF transpose; RGB; maximum 800px; JPEG quality 95,0,test,commons_328730,a9835c051a6cad6b8718ac1c9ff4235c62b6fae8a7cb23c822e69499534920fa
commons_2221354,File:Mybluishgrayeye.JPG,en:user:Nick4gwen,Public domain,,https://commons.wikimedia.org/wiki/File%3AMybluishgrayeye.JPG,2221354,Commons thumbnail; EXIF transpose; RGB; maximum 800px; JPEG quality 95,0,test,commons_2221354,6d5bbd73f18984da65aa83f888da610dfd077f54634f3d7002c5536cd3f707a6
commons_59071126,File:Nuclear sclerosis.jpg,Imrankabirhossain,CC BY-SA 4.0,https://creativecommons.org/licenses/by-sa/4.0,https://commons.wikimedia.org/wiki/File%3ANuclear_sclerosis.jpg,59071126,Commons thumbnail; EXIF transpose; RGB; maximum 800px; JPEG quality 95,1,val,commons_59071126,1fa3721e28f26f7a0725494ba7ded51717f86e30820534ccd4fcabd3e41d3591
commons_59404664,File:Nuclear sclerosis and posterior polar cataract.jpg,Imrankabirhossain,CC BY-SA 4.0,https://creativecommons.org/licenses/by-sa/4.0,https://commons.wikimedia.org/wiki/File%3ANuclear_sclerosis_and_posterior_polar_cataract.jpg,59404664,Commons thumbnail; EXIF transpose; RGB; maximum 800px; JPEG quality 95,1,train,commons_59404664,e907863d87e188387f043cd0ef21e0c66d64169d4d0aa75601c7a2808158068d
commons_617275,File:OJOVIGILANTE.JPG,,Public domain,,https://commons.wikimedia.org/wiki/File%3AOJOVIGILANTE.JPG,617275,Commons thumbnail; EXIF transpose; RGB; maximum 800px; JPEG quality 95,0,train,commons_617275,4e7fcc096639297e77bbf6c5b1420626c4c83eedc7b1d15bee30e72c328b3462
commons_134178059,File:OcchioRickyZ.jpg,RickyZ,CC BY-SA 3.0,https://creativecommons.org/licenses/by-sa/3.0,https://commons.wikimedia.org/wiki/File%3AOcchioRickyZ.jpg,134178059,Commons thumbnail; EXIF transpose; RGB; maximum 800px; JPEG quality 95,0,train,commons_134178059,713498bdbb31f835a413ffdc48f84856b55d148ed4c736887340f578bef21271
commons_97931032,File:Occhio affetto da mosaicismo somatico.jpg,Francesco Voci,CC BY-SA 4.0,https://creativecommons.org/licenses/by-sa/4.0,https://commons.wikimedia.org/wiki/File%3AOcchio_affetto_da_mosaicismo_somatico.jpg,97931032,Commons thumbnail; EXIF transpose; RGB; maximum 800px; JPEG quality 95,0,train,commons_97931032,38219a34d4d7104696753516c4b9100f281301cd6bb972ebe345c52de19afa2d
commons_60746945,File:Oeil hétérochrome.jpg,Jean-Paul Corlin,CC BY-SA 4.0,https://creativecommons.org/licenses/by-sa/4.0,https://commons.wikimedia.org/wiki/File%3AOeil_h%C3%A9t%C3%A9rochrome.jpg,60746945,Commons thumbnail; EXIF transpose; RGB; maximum 800px; JPEG quality 95,0,val,commons_60746945,229e30cbe9f9ea5534cc3b9c2e110eae378c02cc9fc8ebe6517e7f44ca06a71c
commons_7083456,File:Oeilguix.jpg,GuiX,CC BY-SA 3.0,https://creativecommons.org/licenses/by-sa/3.0,https://commons.wikimedia.org/wiki/File%3AOeilguix.jpg,7083456,Commons thumbnail; EXIF transpose; RGB; maximum 800px; JPEG quality 95,0,train,commons_7083456,c924056fb2d6893c49f44be7f94d9882629ac8993930e629cbc60ee000a56840
commons_960157,File:OjoVerde.JPG,ArquiWHAT,CC BY 2.5,https://creativecommons.org/licenses/by/2.5,https://commons.wikimedia.org/wiki/File%3AOjoVerde.JPG,960157,Commons thumbnail; EXIF transpose; RGB; maximum 800px; JPEG quality 95,0,train,commons_960157,573a99c6060782f420f8601f575ac0a086853e3c6622a0a7a8f479c03bba7262
commons_3249421,File:Ojo Azul.jpg,Gons,CC BY-SA 4.0,https://creativecommons.org/licenses/by-sa/4.0,https://commons.wikimedia.org/wiki/File%3AOjo_Azul.jpg,3249421,Commons thumbnail; EXIF transpose; RGB; maximum 800px; JPEG quality 95,0,train,commons_3249421,d94c284a7fad715d631229b1f3e8acfc300985eaf78f9111cd161c125b5a6b17
commons_29046411,File:Ojo experimentando REM.jpg,Juan.maytorenab,CC BY-SA 3.0,https://creativecommons.org/licenses/by-sa/3.0,https://commons.wikimedia.org/wiki/File%3AOjo_experimentando_REM.jpg,29046411,Commons thumbnail; EXIF transpose; RGB; maximum 800px; JPEG quality 95,0,test,commons_29046411,804fe9fcb5519ea9438796b29d353f13b0d6aee4a66e3e11886007390b2b9d2e
commons_66436125,File:Ojos azules.png,Pollitoloco122ich,CC BY-SA 4.0,https://creativecommons.org/licenses/by-sa/4.0,https://commons.wikimedia.org/wiki/File%3AOjos_azules.png,66436125,Commons thumbnail; EXIF transpose; RGB; maximum 800px; JPEG quality 95,0,test,commons_66436125,3f44298130b2c76412a2074323b3958c9c6894ae512c59fc190aa528b518b65c
commons_30294434,File:OlhoAzul.jpg,Lacobrigo,CC BY-SA 3.0,https://creativecommons.org/licenses/by-sa/3.0,https://commons.wikimedia.org/wiki/File%3AOlhoAzul.jpg,30294434,Commons thumbnail; EXIF transpose; RGB; maximum 800px; JPEG quality 95,0,train,commons_30294434,4749afdd1de73f7254a5ca5676ad5349ecfc98c830b138ecf537c2fb5b4f44a5
commons_9461601,File:Ollo 02.jpg,Noel Feans,CC BY 2.0,https://creativecommons.org/licenses/by/2.0,https://commons.wikimedia.org/wiki/File%3AOllo_02.jpg,9461601,Commons thumbnail; EXIF transpose; RGB; maximum 800px; JPEG quality 95,0,train,commons_9461601,27a47fa07b40f42fcda2c317f0f45bdbb44e1a83f684f07c8ed9509eaab05fac
commons_6435885,File:Oog met twee verschillende kleuren1.JPG,No machine-readable author provided. Lene1973 assumed (based on copyright claims).,CC BY-SA 3.0,https://creativecommons.org/licenses/by-sa/3.0,https://commons.wikimedia.org/wiki/File%3AOog_met_twee_verschillende_kleuren1.JPG,6435885,Commons thumbnail; EXIF transpose; RGB; maximum 800px; JPEG quality 95,0,val,commons_6435885,966265a1166599e8ec7ad82dfe2065fe61dbbd6eac91fe9b8a9b9384310c201c
commons_59256909,File:Posterior Subcapsular Cataract.jpg,Imrankabirhossain,CC BY-SA 4.0,https://creativecommons.org/licenses/by-sa/4.0,https://commons.wikimedia.org/wiki/File%3APosterior_Subcapsular_Cataract.jpg,59256909,Commons thumbnail; EXIF transpose; RGB; maximum 800px; JPEG quality 95,1,train,commons_59256909,50ea90a7e0ba258bfb03f8ac84423918563156029ff0640cbef6b53c356a8e8e
commons_59070799,File:Posterior polar cataract.jpg,Imrankabirhossain,CC BY-SA 4.0,https://creativecommons.org/licenses/by-sa/4.0,https://commons.wikimedia.org/wiki/File%3APosterior_polar_cataract.jpg,59070799,Commons thumbnail; EXIF transpose; RGB; maximum 800px; JPEG quality 95,1,train,commons_59070799,b698a1eb941d0b5fc3f69f81733aec17a29318f486058cf32f4590b53e156787
commons_59307444,File:Posterior subcapsular cataract.jpg,Imrankabirhossain,CC BY-SA 4.0,https://creativecommons.org/licenses/by-sa/4.0,https://commons.wikimedia.org/wiki/File%3APosterior_subcapsular_cataract.jpg,59307444,Commons thumbnail; EXIF transpose; RGB; maximum 800px; JPEG quality 95,1,train,commons_59307444,de6fe5299f98a08b468c4cd7dc85827f60f4476e88190d3d8032f6bc1f1d5ce9
commons_59440600,File:Retro-illumination.jpg,Imrankabirhossain,CC BY-SA 4.0,https://creativecommons.org/licenses/by-sa/4.0,https://commons.wikimedia.org/wiki/File%3ARetro-illumination.jpg,59440600,Commons thumbnail; EXIF transpose; RGB; maximum 800px; JPEG quality 95,1,train,commons_59440600,0dce57d220f97fcc4b00dbe31be182c2fbaec0556e3ea791f25bea397bf71ae0
commons_31574994,File:Rkinch persistent pupillary membrane.jpg,Richard J Kinch kinch@truetex.com / Rkinch at en.wikipedia,CC BY-SA 3.0,https://creativecommons.org/licenses/by-sa/3.0,https://commons.wikimedia.org/wiki/File%3ARkinch_persistent_pupillary_membrane.jpg,31574994,Commons thumbnail; EXIF transpose; RGB; maximum 800px; JPEG quality 95,0,train,commons_31574994,29acf1423cb6ebd6c1373a4282bff88d75a6e1ff1911e2198cf21973df1347f5
commons_59104608,File:Rosette cataract.jpg,Imrankabirhossain,CC BY-SA 4.0,https://creativecommons.org/licenses/by-sa/4.0,https://commons.wikimedia.org/wiki/File%3ARosette_cataract.jpg,59104608,Commons thumbnail; EXIF transpose; RGB; maximum 800px; JPEG quality 95,1,val,commons_59104853,d51691835a51262bb56760b5b0d47b5f42b2c0289e080c28fb97a88bfc6a422d
commons_966512,File:Slit lamp view of Cataract in Human Eye.png,"Rakesh Ahuja, MD",CC BY-SA 3.0,http://creativecommons.org/licenses/by-sa/3.0/,https://commons.wikimedia.org/wiki/File%3ASlit_lamp_view_of_Cataract_in_Human_Eye.png,966512,Commons thumbnail; EXIF transpose; RGB; maximum 800px; JPEG quality 95,1,val,commons_966512,2710dfa197fdf96b62a69a0f1ad3a4c4c5d5947d855858c9386cfe425078334e
commons_9383377,File:Spanishhazeleye.JPG,Rrraaammmooonnn,CC BY-SA 3.0,https://creativecommons.org/licenses/by-sa/3.0,https://commons.wikimedia.org/wiki/File%3ASpanishhazeleye.JPG,9383377,Commons thumbnail; EXIF transpose; RGB; maximum 800px; JPEG quality 95,0,train,commons_9500493,f7b10b830a7ec3a38a4c93f3ed91133b02468f610ea5bb0c65a5d622abaf0534
commons_9500493,File:Spanishhazeleyeje.JPG,Rrraaammmooonnn91,CC BY-SA 3.0,https://creativecommons.org/licenses/by-sa/3.0,https://commons.wikimedia.org/wiki/File%3ASpanishhazeleyeje.JPG,9500493,Commons thumbnail; EXIF transpose; RGB; maximum 800px; JPEG quality 95,0,train,commons_9500493,95906bf4b5cb00f285d41559b207de59d16295d06828698460240f90da5d63d9
commons_6584766,File:Spojivka popis.jpg,No machine-readable author provided. Bomber62 assumed (based on copyright claims).,Public domain,,https://commons.wikimedia.org/wiki/File%3ASpojivka_popis.jpg,6584766,Commons thumbnail; EXIF transpose; RGB; maximum 800px; JPEG quality 95,0,train,commons_6584766,c85cd507611ccd44212118055251ba2d728ee36e356c86362eb92a09861d7755
commons_59104853,File:Sunflower cataract.jpg,Imrankabirhossain,CC BY-SA 4.0,https://creativecommons.org/licenses/by-sa/4.0,https://commons.wikimedia.org/wiki/File%3ASunflower_cataract.jpg,59104853,Commons thumbnail; EXIF transpose; RGB; maximum 800px; JPEG quality 95,1,val,commons_59104853,c60942c53402c1376d9613fc7acb261a02351a44e8414e7986904e867dedb945
commons_5627996,File:Ull2.jpg,Fajardoalacant,CC BY-SA 3.0,https://creativecommons.org/licenses/by-sa/3.0,https://commons.wikimedia.org/wiki/File%3AUll2.jpg,5627996,Commons thumbnail; EXIF transpose; RGB; maximum 800px; JPEG quality 95,0,train,commons_5627996,164e0825f576a66e4489a647d84dda70c1983e1339ae3ca974a96268cbdeddd2
commons_20606459,File:White congenital cataract.tif,Unknown authorUnknown author,Public domain,,https://commons.wikimedia.org/wiki/File%3AWhite_congenital_cataract.tif,20606459,Commons thumbnail; EXIF transpose; RGB; maximum 800px; JPEG quality 95,1,train,commons_20606459,6a2e55af58e1df66f48e52731223bb197563012873971ab1018a0bec1cfa7c5b
commons_30837477,File:İris 2014-01-27 20-53.jpg,User:Meddeto,CC BY-SA 3.0,https://creativecommons.org/licenses/by-sa/3.0,https://commons.wikimedia.org/wiki/File%3A%C4%B0ris_2014-01-27_20-53.jpg,30837477,Commons thumbnail; EXIF transpose; RGB; maximum 800px; JPEG quality 95,0,train,commons_30837477,461ced53501fea20ef2814f2fe42c959edb0007ece3a22bf6ef267450ca811f2
commons_79274454,File:Глаза цветом моря.jpg,Petrovalera16,CC BY 4.0,https://creativecommons.org/licenses/by/4.0,https://commons.wikimedia.org/wiki/File%3A%D0%93%D0%BB%D0%B0%D0%B7%D0%B0_%D1%86%D0%B2%D0%B5%D1%82%D0%BE%D0%BC_%D0%BC%D0%BE%D1%80%D1%8F.jpg,79274454,Commons thumbnail; EXIF transpose; RGB; maximum 800px; JPEG quality 95,0,train,commons_79274454,e79ceca78ee33c49ea937196058a4052289fd15701aa64a88445f8b8d5b03257
commons_117660027,File:Голубой глаз.jpg,troncap,CC BY 4.0,https://creativecommons.org/licenses/by/4.0,https://commons.wikimedia.org/wiki/File%3A%D0%93%D0%BE%D0%BB%D1%83%D0%B1%D0%BE%D0%B9_%D0%B3%D0%BB%D0%B0%D0%B7.jpg,117660027,Commons thumbnail; EXIF transpose; RGB; maximum 800px; JPEG quality 95,0,train,commons_117660027,22d19f5cb6b00ef79196b6d9e88d3884d7205eaefc9990163d65c0b338c024d6
commons_32655518,File:Катаракта.jpg,Аружан Жамбулатова,CC BY-SA 3.0,https://creativecommons.org/licenses/by-sa/3.0,https://commons.wikimedia.org/wiki/File%3A%D0%9A%D0%B0%D1%82%D0%B0%D1%80%D0%B0%D0%BA%D1%82%D0%B0.jpg,32655518,Commons thumbnail; EXIF transpose; RGB; maximum 800px; JPEG quality 95,1,train,commons_32655518,8bd4e11832624f0e8ebd990674af7e4ea5c64a58c7cac8095b143a50452a384a
commons_104672739,File:Космос в глазах CC-BY-SA 4.0.jpg,Mikhina Angelina,CC BY-SA 4.0,https://creativecommons.org/licenses/by-sa/4.0,https://commons.wikimedia.org/wiki/File%3A%D0%9A%D0%BE%D1%81%D0%BC%D0%BE%D1%81_%D0%B2_%D0%B3%D0%BB%D0%B0%D0%B7%D0%B0%D1%85_CC-BY-SA_4.0.jpg,104672739,Commons thumbnail; EXIF transpose; RGB; maximum 800px; JPEG quality 95,0,val,commons_104672739,c96cd0dab0f1af2a8970c407ba1c5308f39066082387835257ca7395514d3421
commons_140785894,File:Структура на око.jpg,Iskra22,CC BY 4.0,https://creativecommons.org/licenses/by/4.0,https://commons.wikimedia.org/wiki/File%3A%D0%A1%D1%82%D1%80%D1%83%D0%BA%D1%82%D1%83%D1%80%D0%B0_%D0%BD%D0%B0_%D0%BE%D0%BA%D0%BE.jpg,140785894,Commons thumbnail; EXIF transpose; RGB; maximum 800px; JPEG quality 95,0,train,commons_140785894,29635d258797b37ce1b3f341cfd9967637b8f7cea2e87b30994cb6128e703a8c
